petiNo,title,regDate,statusName,statusCode,ancName,source
1AB-2507-0018793,대한민국 출산율을 높이기 위한 현실적 지..,2025.07.30. 10:46:00,답변완료,10010004,저출산고령사회위원회,국민신문고
1AB-2508-0009282,"군무원 다자녀 인사우대 기준, 4자녀에서..",2025.08.14. 09:56:09,답변완료,10010004,국방부,국민신문고
1AB-2508-0018624,"&quot;아이 낳은 날, 부모도 함께 ..",2025.08.30. 08:48:34,답변완료,10010004,성평등가족부,국민신문고
1AB-2509-0002598,「결혼출산육아기 근로자 통합보호를 위..,2025.09.04. 10:08:00,제안심사,10010002,고용노동부,국민신문고
1AB-2509-0007775,다자녀 특별공급 출산특례 지원 조건에 대..,2025.09.12. 17:22:35,제안심사,10010002,국토교통부,국민신문고
1AB-2509-0011685, 정책: 엄마에게 월급을 주어 세계 최저..,2025.09.19. 03:13:39,답변완료,10010004,저출산고령사회위원회,국민신문고
1AB-2511-0003560,난임 지원 확대를 통한 저출산 해결 방안,2025.11.04. 11:58:55,답변완료,10010004,보건복지부,국민신문고
1AB-2511-0004994,결혼과 출산을 장려하는 방송을 많이 만들..,2025.11.06. 22:46:47,제안심사,10010002,보건복지부,국민신문고
1AB-2511-0005628,공병회수를 통한 저출산해결 제안,2025.11.08. 16:34:29,답변완료,10010004,경상북도 경산시,국민신문고
1AB-2511-0005635,"4대보험&#x28;국민연금, 건강보험, ..",2025.11.08. 16:49:13,답변완료,10010004,보건복지부,국민신문고
1AB-2511-0010494,공무원 등 자녀 출산시 1호봉 승급 제안,2025.11.19. 10:36:43,답변완료,10010004,인사혁신처,국민신문고
1AB-2512-0018485,배우자 육아휴직 및 출산휴가에 대해 개선..,2025.12.09. 17:52:57,답변완료,10010004,고용노동부,국민신문고
1AB-2512-0023861,결혼과 출산에 관한 의견,2025.12.22. 13:57:37,답변완료,10010004,저출산고령사회위원회,국민신문고
1AB-2512-0026827,공교육 정상화&#x28;~고등학교 졸업&..,2025.12.31. 00:45:13,답변완료,10010004,교육부,국민신문고
1AB-2601-0002831,「저출산 대응을 위한 난임 시술 차수 제..,2026.01.09. 01:36:51,답변완료,10010004,보건복지부,국민신문고
1AB-2601-0003010,가평군 홈페이지 &apos;여성장애인 출..,2026.01.09. 14:52:47,답변완료,10010004,경기도 가평군,국민신문고
1AB-2601-0003287,남해군 누리집 인구시책지원정보 &apos..,2026.01.10. 01:49:22,제안실현,10010004,경상남도 남해군,국민신문고
1AB-2601-0004467,노후연금과 연계한 출산율 증대방안,2026.01.13. 09:34:19,답변완료,10010004,저출산고령사회위원회,국민신문고
1AB-2601-0007229,「결혼출산이 경력의 끝이 되지 않는 사..,2026.01.20. 13:14:36,제안심사,10010002,고용노동부,국민신문고
1AB-2601-0007422,대한민국 결혼율 출산율 개선 방안&#x2..,2026.01.20. 20:08:43,답변완료,10010004,저출산고령사회위원회,국민신문고
1AB-2601-0008000,군인 전출 예정에 따른 출산지원금 거주요..,2026.01.21. 17:56:46,답변완료,10010004,보건복지부,국민신문고
1AB-2601-0008125,강원특별자치도청 누리집의 &apos;여성..,2026.01.22. 03:05:59,답변완료,10010004,강원특별자치도,국민신문고
1AB-2601-0009183,&#x28;저출산_양육&#x29;돌봄기관..,2026.01.24. 01:40:53,답변완료,10010004,교육부,국민신문고
1AB-2601-0009804,공공 베이비시터 기관 설립을 통한 저출산..,2026.01.25. 19:48:42,답변완료,10010004,저출산고령사회위원회,국민신문고
1AB-2601-0010548,군대에서 저출산으로 벙력수가 점점 줄어드..,2026.01.27. 09:26:53,답변완료,10010004,국방부,국민신문고
1AB-2602-0004132,경기광주시 출산육아 복지 정책 관련 시..,2026.02.10. 13:27:54,답변완료,10010004,경기도 광주시,국민신문고
1AB-2602-0005194, 출산 휴직에 따른 불이익 개선 제안,2026.02.13. 10:54:31,답변완료,10010004,인사혁신처,국민신문고
1AB-2602-0009406,"0.72 저출산과 부동산 폭등, 진짜 범..",2026.02.24. 23:08:53,답변완료,10010002,인사혁신처,국민신문고
1AB-2603-0006326,"대구 네쌍둥이 가정의 다섯째 출산 소식,..",2026.03.15. 12:05:38,답변완료,10010004,저출산고령사회위원회,국민신문고
1AB-2603-0006721,미등록 외국인 출산지원 정책 바랍니다.,2026.03.16. 13:31:33,답변완료,10010004,보건복지부,국민신문고
1AB-2603-0008960,[저출산고령사회위원회 이송 요청건] 생애..,2026.03.21. 03:51:31,답변완료,10010004,저출산고령사회위원회,국민신문고
1AB-2603-0010541,다자녀 가구 장학금 지원 확대 제안: 저..,2026.03.24. 16:30:43,답변완료,10010004,교육부,국민신문고
1AB-2604-0002487,군산시 결혼정착금출산지원금 지역 간 격..,2026.04.07. 15:41:32,제안심사,10010002,전북특별자치도 군산시,국민신문고
1AB-2604-0005105,결혼식장 및 결혼 비용 지원을 통한 출산..,2026.04.12. 17:24:53,답변완료,10010004,성평등가족부,국민신문고
1AB-2604-0006257,[저출산 극복] 파편화된 지자체 다자녀 ..,2026.04.14. 15:48:50,답변완료,10010004,보건복지부,국민신문고
1AB-2604-0006259,[저출산 극복] 전국 공공체육시설&#x2..,2026.04.14. 15:50:27,답변완료,10010004,문화체육관광부,국민신문고
1AB-2604-0008735,국공립어린이집 위탁원장의 출산휴가 인건비..,2026.04.20. 11:52:51,답변완료,10010004,고용노동부,국민신문고
1AB-2604-0008984,공무원 성과급제 폐지 및 자녀 가족수당 ..,2026.04.20. 17:11:50,답변완료,10010004,인사혁신처,국민신문고
1AB-2604-0010303,기혼 암 환자의 실질적 출산권 보장을 위..,2026.04.22. 17:13:12,답변완료,10010004,보건복지부,국민신문고
1AB-2605-0004731,AI 기반 출산육아돌봄 통합지원 플..,2026.05.13. 10:43:59,답변완료,10010004,저출산고령사회위원회,국민신문고
1AB-2606-0005515,교육비 부담을 줄여 출산율 높이기,2026.06.10. 21:00:01,제안심사,10010002,교육부,국민신문고
1AB-2606-0006455,5인 이상 직장 내 탁아소 등 설치 의무..,2026.06.12. 14:24:26,답변완료,10010004,교육부,국민신문고
1AB-2606-0008852,[저출생 대책 보완] 출산가구 특별공급 ..,2026.06.18. 11:24:22,제안심사,10010002,재정경제부,국민신문고
1AB-2607-0003236,[저출산 정책 방향 및 저출산 해결 방안],2026.07.08. 17:57:47,제안심사,10010002,저출산고령사회위원회,국민신문고
1AB-2607-0006218,&#x28;저출산 극복&#x29;다원화된..,2026.07.14. 16:52:16,제안심사,10010002,보건복지부,국민신문고
1AB-2607-0008642,국가 책임형 임신출산 원스톱 안전관리 ..,2026.07.19. 08:14:17,제안심사,10010002,보건복지부,국민신문고
1AB-2507-0017095,저출산 관련 제안 드립니다,2025.07.27. 01:32:50,답변완료,10010004,저출산고령사회위원회,국민신문고
1AB-2507-0018795,이재명 대통령만 할수있는 저출산대책 입니..,2025.07.30. 10:34:26,답변완료,10010002,저출산고령사회위원회,국민신문고
1AB-2508-0002321,저출산 극복을 위한 자녀 성별 선택권&#..,2025.08.05. 08:32:48,답변완료,10010004,보건복지부,국민신문고
1AB-2508-0002474,부천시 현실에 맞는 출산지원금 지급&#x..,2025.08.05. 12:28:28,답변완료,10010004,경기도 부천시,국민신문고
1AB-2508-0005546,장기요양기관 근로자 겸 대표에게 &quo..,2025.08.09. 06:20:59,제안심사,10010002,보건복지부,국민신문고
1AB-2508-0009519,저출산 시대의 난임불임 시술 비용 부담..,2025.08.14. 13:54:23,답변완료,10010004,보건복지부,국민신문고
1AB-2508-0009733,인구유지지수&#x28;1.0 기준&#x2..,2025.08.14. 16:42:45,제안심사,10010002,저출산고령사회위원회,국민신문고
1AB-2508-0013776,부모교육 연계형 출산양육 인센티브 제도,2025.08.22. 04:35:31,답변완료,10010004,교육부,국민신문고
1AB-2508-0016675,부천시 임신출산 사전 건강관리 지원사업..,2025.08.27. 10:20:31,답변완료,10010004,경기도 부천시,국민신문고
1AB-2509-0005843,저출산 대응을 위한 퇴직금 중간정산 사유..,2025.09.09. 16:40:45,답변완료,10010004,고용노동부,국민신문고
1AB-2509-0010260,안성 출산장려금&#x28;첫째아이상으로&..,2025.09.17. 06:34:00,제안심사,10010002,경기도 안성시,국민신문고
1AB-2509-0011863,예천 저출산 문제 해결 방안 제안,2025.09.19. 10:51:03,답변완료,10010004,경상북도 예천군,국민신문고
1AB-2509-0014928,신혼희망타운에 혼인특례 적용 및 출산특례..,2025.09.24. 14:05:09,제안심사,10010002,국토교통부,국민신문고
1AB-2511-0011916,저출산 극복을 위한 기본생계비 및 기본교..,2025.11.22. 06:59:55,답변완료,10010004,저출산고령사회위원회,국민신문고
1AB-2511-0013854,저출산 문제 대하여,2025.11.27. 07:52:56,답변완료,10010004,저출산고령사회위원회,국민신문고
1AB-2512-0021837,저출산 문제에 대한 개인적인 의견 제시 ..,2025.12.17. 16:55:21,답변완료,10010004,저출산고령사회위원회,국민신문고
1AB-2512-0024976,저출산 시대의 학교 유휴공간 활용을 위한..,2025.12.25. 16:22:06,답변완료,10010004,교육부,국민신문고
1AB-2601-0000488,"저출산 시대, 다자녀 가구 지원정책의 &..",2026.01.02. 15:44:46,제안심사,10010002,국토교통부,국민신문고
1AB-2601-0002889,저출산 방안에 관한 제안,2026.01.09. 10:25:42,답변완료,10010004,저출산고령사회위원회,국민신문고
1AB-2601-0003980,저출산 문제에 대한 정책의 방향성 수정이..,2026.01.12. 01:23:33,답변완료,10010004,저출산고령사회위원회,국민신문고
1AB-2601-0004459,저출산 대책 제안,2026.01.13. 09:26:52,답변완료,10010004,저출산고령사회위원회,국민신문고
1AB-2601-0006027,서울시 임신 출산 정보센터 누리집의 &a..,2026.01.17. 01:04:29,답변완료,10010004,서울특별시,국민신문고
1AB-2601-0008151,의정부시 누리집에서 여성장애인 출산지원금..,2026.01.22. 05:57:50,답변완료,10010004,경기도 의정부시,국민신문고
1AB-2602-0003086,저출산 극복을 위한 태아 유전자 검사&..,2026.02.07. 21:31:26,제안심사,10010002,보건복지부,국민신문고
1AB-2602-0004394,인구 소멸 위기 대응 : 출산율 0.7명..,2026.02.11. 03:42:07,답변완료,10010004,저출산고령사회위원회,국민신문고
1AB-2603-0000275,우리나라 1960년 합계 출산율 6명 지..,2026.03.01. 17:45:04,답변완료,10010004,저출산고령사회위원회,국민신문고
1AB-2603-0002234,저출산 문제 해결을 위한 만남 단계 ..,2026.03.05. 17:34:16,답변완료,10010004,저출산고령사회위원회,국민신문고
1AB-2603-0006393,저출산 시대에 역행하는 주택도시기금 전..,2026.03.15. 14:36:05,제안심사,10010002,국토교통부,국민신문고
1AB-2603-0008919,산모의 의학적 회복 기간&#x28;제왕절..,2026.03.20. 23:15:26,답변완료,10010004,교육부,국민신문고
1AB-2603-0010185,"영천시,지자체 간 기준 차이로 발생한 출..",2026.03.24. 10:59:31,답변완료,10010004,경상북도 영천시,국민신문고
1AB-2604-0004755,저출산 시대 교습소 운영 규제 개선 요청,2026.04.11. 20:46:41,제안심사,10010002,교육부,국민신문고
1AB-2604-0010035,신혼부부 자산형성 지원을 통한 혼인신고 ..,2026.04.22. 10:08:16,제안심사,10010002,금융위원회,국민신문고
1AB-2605-0002859,"저출산 시대, 가임기 여성 건강 관리 강..",2026.05.08. 17:18:16,답변완료,10010004,보건복지부,국민신문고
1AB-2605-0003708,자본시장 국부 유출 방지 및 저출산 극복..,2026.05.11. 12:35:01,제안심사,10010002,재정경제부,국민신문고
1AB-2605-0003725,저출산 시대 병력 확보 및 청년 일자리 ..,2026.05.11. 13:13:50,답변완료,10010004,국방부,국민신문고
1AB-2605-0009007,육아휴직 및 출산휴가 사용시 사업주에 대..,2026.05.21. 08:38:23,제안심사,10010002,고용노동부,국민신문고
1AB-2605-0009746,영천시지자체 간 기준 차이로 발생한 출산..,2026.05.22. 13:53:49,답변완료,10010004,경상북도 영천시,국민신문고
1AB-2605-0011775,신설 광주강진고속도로의 월출산휴게소에 고..,2026.05.27. 09:15:39,제안심사,10010002,국토교통부,국민신문고
1AB-2606-0004197,인구 감소 지역 출산수상 인상과 조부모 ..,2026.06.08. 16:47:52,답변완료,10010004,전북특별자치도 정읍시,국민신문고
1AB-2606-0005394,자녀 출산으로 인한 출산휴가 사용시 회사..,2026.06.10. 16:01:57,답변완료,10010004,교육부,국민신문고
1AB-2607-0004729,저출산 안보위기 극복을 위한 &apos;..,2026.07.11. 16:33:39,제안심사,10010002,국방부,국민신문고
1AB-2507-0018296,저출산과 신혼부부 주택 구매 시 대출 문..,2025.07.29. 14:12:12,제안심사,10010002,국토교통부,국민신문고
1AB-2508-0000504,초중고 12년학제 개편&#x28;저출산 ..,2025.08.01. 14:53:20,답변완료,10010004,교육부,국민신문고
1AB-2508-0002480,출산 이후 과정에 대한 안내,2025.08.05. 12:28:59,답변완료,10010004,저출산고령사회위원회,국민신문고
1AB-2508-0002927,출산가구 주택 취득세 감면제도 적용 요건..,2025.08.06. 00:19:50,답변완료,10010004,경기도 파주시,국민신문고
1AB-2508-0004835,주택공급규칙 제 55조의3  출산특례 불..,2025.08.08. 10:36:06,제안심사,10010002,국토교통부,국민신문고
1AB-2508-0009834,출산율 개선 및 노인 도우미 제도 개선 방향,2025.08.14. 22:11:08,답변완료,10010004,저출산고령사회위원회,국민신문고
1AB-2508-0013105,출산 정책,2025.08.21. 10:02:42,답변완료,10010004,보건복지부,국민신문고
1AB-2508-0017455,출산률 올리는 방법,2025.08.28. 11:48:51,답변완료,10010004,보건복지부,국민신문고
1AB-2508-0018808,출산 관련,2025.08.30. 15:17:34,답변완료,10010004,보건복지부,국민신문고
1AB-2509-0000888,출산 및 육아휴직 제도 개선을 위한 하이..,2025.09.02. 09:21:35,제안심사,10010002,고용노동부,국민신문고
1AB-2509-0001888,출산가정에 초인종 자제 안내 자석스티커를..,2025.09.03. 03:38:37,답변완료,10010004,서울특별시 강동구,국민신문고
1AB-2509-0004372,출산 장려정책 안,2025.09.06. 22:35:00,답변완료,10010004,저출산고령사회위원회,국민신문고
1AB-2509-0012196,출산 장려정책에 역행하는 아동 안전사고 ..,2025.09.19. 18:34:53,답변완료,10010004,교육부,국민신문고
1AB-2511-0004747,출산 장려 정책 제안,2025.11.06. 14:16:37,답변완료,10010004,저출산고령사회위원회,국민신문고
1AB-2511-0005644,저출산정책으로 지역지속가능인구 적정목표를..,2025.11.08. 16:55:04,답변완료,10010004,저출산고령사회위원회,국민신문고
1AB-2511-0008427,정부의 저출산 대책,2025.11.13. 21:44:37,답변완료,10010004,저출산고령사회위원회,국민신문고
1AB-2511-0009728,출산 후 부모교육 및 아동발달에 대한 이..,2025.11.18. 05:36:47,답변완료,10010004,저출산고령사회위원회,국민신문고
1AB-2511-0010299,저출산해결책에 관하여,2025.11.18. 19:20:58,답변완료,10010004,보건복지부,국민신문고
1AB-2512-0016964,출산양육 지원 제도 제안서,2025.12.04. 22:29:54,답변완료,10010004,저출산고령사회위원회,국민신문고
1AB-2601-0001877,저출산 해소를 위한 청년 공공분양 제도 ..,2026.01.06. 17:09:48,답변완료,10010004,국토교통부,국민신문고
1AB-2601-0002988,지방자치단체 홈페이지에 게시된 장애인 복..,2026.01.09. 14:40:25,답변완료,10010004,보건복지부,국민신문고
1AB-2601-0003630,출산 친화 사회 조성과 국가 경쟁력 강화..,2026.01.11. 00:46:12,답변완료,10010004,교육부,국민신문고
1AB-2601-0004288,저출산고령사회 기본계획_중앙부처 시행계획..,2026.01.12. 20:28:40,제안심사,10010002,저출산고령사회위원회,국민신문고
1AB-2601-0005046,저출산에 따른 출산 장려 정책 제안,2026.01.14. 14:46:47,답변완료,10010004,경상북도 울진군,국민신문고
1AB-2601-0005717,저출산 해소 방안에 대한 청년의 개인적인 생각,2026.01.15. 23:54:29,답변완료,10010004,저출산고령사회위원회,국민신문고
1AB-2601-0009793,출산시 제왕절개수술보다 자연출산 유도필요..,2026.01.25. 19:49:51,답변완료,10010004,저출산고령사회위원회,국민신문고
1AB-2601-0010960,출산 장려 정책 및 다자녀 가정의 기본권 보장,2026.01.28. 09:22:46,제안심사,10010002,문화체육관광부,국민신문고
1AB-2602-0002135,출산가구 취득세 감면 적용기준 개선 및 ..,2026.02.05. 14:19:38,답변완료,10010004,경기도 파주시,국민신문고
1AB-2602-0003255,출산율 부양 및 인구유출 방지가 먼저 아..,2026.02.08. 11:48:27,답변완료,10010002,보건복지부,국민신문고
1AB-2602-0007986,저출산 정책에 역행하는 &apos;출산 ..,2026.02.21. 16:42:12,답변완료,10010004,저출산고령사회위원회,국민신문고
1AB-2602-0008899,출산 장려와 인구 감소에 대한 심각성과 ..,2026.02.23. 20:30:04,답변완료,10010004,저출산고령사회위원회,국민신문고
1AB-2604-0000933,출산 지원 사각지대 해소 및 경력단절 완..,2026.04.03. 00:22:07,답변완료,10010004,저출산고령사회위원회,국민신문고
1AB-2604-0007015,출산육아 경력단절 여성 재취업 촉진을 ..,2026.04.16. 10:40:15,답변완료,10010004,성평등가족부,국민신문고
1AB-2604-0011945,출산율 높이는 확실한방법,2026.04.27. 09:05:34,답변완료,10010004,저출산고령사회위원회,국민신문고
1AB-2605-0000810,출산연령을 낮추기 위한 지원금 차등지급,2026.05.03. 19:36:51,제안심사,10010002,보건복지부,국민신문고
1AB-2605-0003234,정책 시행 이전 실수요 신혼출산가구 금..,2026.05.10. 00:37:43,제안심사,10010002,금융위원회,국민신문고
1AB-2605-0008732,청소년 정신건강 위기대응을 위한 권역별 ..,2026.05.20. 16:27:51,답변완료,10010002,성평등가족부,국민신문고
1AB-2605-0011632,출산 장려  정책,2026.05.26. 21:46:28,제안심사,10010002,인사혁신처,국민신문고
1AB-2606-0007441,"출산, 건강, 인구유입까지 1석3조 예비..",2026.06.15. 13:38:02,답변완료,10010004,경상남도 창원시,국민신문고
1AB-2606-0008442,청주시 &apos;2026년 결혼출산가..,2026.06.17. 14:26:16,답변완료,10010004,충청북도,국민신문고
1AB-2606-0010120,직원을 고용했다는 이유로 출산지원에서 제..,2026.06.21. 12:42:11,제안심사,10010002,중소벤처기업부,국민신문고
1AB-2606-0011784,출산에 대한 질의,2026.06.25. 10:15:14,제안심사,10010002,보건복지부,국민신문고
1AB-2606-0014093,"저출산, 고령화 문제에 대한 제안",2026.06.30. 15:12:26,답변완료,10010004,충청북도,국민신문고
1AB-2607-0003170,출산육아기 고용안정장려금 신청 시 대표..,2026.07.08. 14:50:25,제안심사,10010002,고용노동부,국민신문고
1AB-2607-0003755,초저출산 대응  둘째 자녀부터 착상전 ..,2026.07.09. 16:51:20,제안심사,10010002,보건복지부,국민신문고
1AB-2607-0005017,저출산 현상 개인적인 의견,2026.07.12. 17:13:28,제안심사,10010002,저출산고령사회위원회,국민신문고
1AB-2507-0018024,출산정책 건의,2025.07.28. 22:12:38,답변완료,10010004,저출산고령사회위원회,국민신문고
1AB-2509-0009939,평택시 출산 지원금 인상,2025.09.16. 15:02:40,답변완료,10010004,경기도 평택시,국민신문고
1AB-2511-0007363,혼인 유지형 출산 인센티브 시스템,2025.11.12. 02:28:02,답변완료,10010004,저출산고령사회위원회,국민신문고
1AB-2511-0008078,출산율 제고방안,2025.11.13. 09:47:27,답변완료,10010004,기획재정부,국민신문고
1AB-2511-0009299,허울좋은 출산휴가의 비드백 실시,2025.11.17. 11:09:53,답변완료,10010004,고용노동부,국민신문고
1AB-2511-0014858,출산장려를 위한 지원,2025.11.30. 05:35:31,답변완료,10010004,보건복지부,국민신문고
1AB-2512-0026439,출산율저하,2025.12.29. 23:38:42,답변완료,10010004,저출산고령사회위원회,국민신문고
1AB-2512-0026800,혼인 및 출산 장려를 통한 국가 존속에 ..,2025.12.30. 21:05:49,답변완료,10010004,저출산고령사회위원회,국민신문고
1AB-2601-0008160,평택시 누리집의 여성장애인 출산비용관련 ..,2026.01.22. 06:19:08,제안심사,10010002,경기도 평택시,국민신문고
1AB-2602-0004143,"출산율을 넘어, 이미 태어난 아이들에 대..",2026.02.10. 14:12:29,답변완료,10010004,보건복지부,국민신문고
1AB-2603-0001099,해외 거주 한국 국적 아동의 아동수당부..,2026.03.03. 12:53:04,답변완료,10010004,보건복지부,국민신문고
1AB-2603-0005658,출산율 제고를 위한 육아기 부모 저녁시간..,2026.03.14. 08:13:58,답변완료,10010004,저출산고령사회위원회,국민신문고
1AB-2604-0002961,"출산율 증가를 위해, 정부가 전업남편과 ..",2026.04.08. 15:23:10,답변완료,10010004,저출산고령사회위원회,국민신문고
1AB-2604-0011736,혼인 여부와 관계없이 모든 아동에게 동등..,2026.04.26. 15:08:53,답변완료,10010004,저출산고령사회위원회,국민신문고
1AB-2604-0012022,출산율 증가를 위한 획기적 방법을 제안합니다.,2026.04.27. 12:40:23,제안심사,10010002,재정경제부,국민신문고
1AB-2605-0011851,학벌 중심 채용구조 개선을 통한 쉬었음 ..,2026.05.27. 10:34:47,답변완료,10010004,저출산고령사회위원회,국민신문고
1AB-2606-0006650,출산장려금 성과 지표 표준화 및 전국 통..,2026.06.12. 21:10:45,제안심사,10010002,보건복지부,국민신문고
1AB-2607-0004267,출산을 장려하면서 육아휴직 사용자를 불이..,2026.07.10. 13:13:54,제안심사,10010002,고용노동부,국민신문고
1AB-2607-0004581,출산지원금 지급방식 개선&#x28;분할 ..,2026.07.10. 21:57:16,제안심사,10010002,충청남도 예산군,국민신문고
1AB-2607-0005920,출생아 국민연금 일시납 지원을 통한  저..,2026.07.14. 08:50:04,제안심사,10010002,보건복지부,국민신문고
1AB-2607-0007271,출산율 올리는 취득세 혜택,2026.07.16. 13:22:02,제안심사,10010002,행정안전부,국민신문고
1AB-2607-0007830,한시적 해외파견근로자 및 기간제 주재원의..,2026.07.17. 17:06:44,제안심사,10010002,보건복지부,국민신문고
1AB-2507-0019254,"결혼육아 불가능한 6평 오피스텔, 전세..",2025.07.31. 01:43:41,제안심사,10010002,국토교통부,국민신문고
1AB-2508-0000889,영아 전용 실내놀이공간 확충을 통한 부모..,2025.08.02. 11:08:31,답변완료,10010004,여성가족부,국민신문고
1AB-2508-0012021,부모 맞춤 시간 중심 육아지원 제도 도입,2025.08.19. 11:32:23,답변완료,10010004,고용노동부,국민신문고
1AB-2508-0017759,공무원 육아휴직 제도 관련 제도개선 건의,2025.08.28. 17:52:03,답변완료,10010004,인사혁신처,국민신문고
1AB-2509-0005076,육아 가정 근로시간 단축,2025.09.08. 13:16:27,답변완료,10010004,고용노동부,국민신문고
1AB-2509-0011574,"육아기 10시 출근제 시행 전, 보육..",2025.09.18. 18:03:48,답변완료,10010004,고용노동부,국민신문고
1AB-2511-0010108,여자교도소 내 육아시설 및 보육관련,2025.11.18. 14:11:40,답변완료,10010004,법무부,국민신문고
1AB-2512-0019934,사립대학 직원도 육아휴직을 쓸 수 있도록..,2025.12.12. 16:35:47,답변완료,10010004,교육부,국민신문고
1AB-2512-0022779,시흥시 육아종합지원센터 영유아체험실 시간..,2025.12.19. 12:57:45,답변완료,10010004,경기도 시흥시,국민신문고
1AB-2512-0024606,공무원 육아휴직 중 단기 해외방문 제한 ..,2025.12.24. 11:05:59,답변완료,10010004,인사혁신처,국민신문고
1AB-2601-0008574,육아&#x28;보육&#x29;수당 비과세..,2026.01.22. 16:57:54,제안심사,10010002,고용노동부,국민신문고
1AB-2601-0008794,상설 육아 플리마켓 추진,2026.01.23. 09:23:03,답변완료,10010004,충청북도 옥천군,국민신문고
1AB-2603-0001880,마을 공동육아,2026.03.05. 00:20:47,답변완료,10010004,서울특별시 강서구,국민신문고
1AB-2603-0002180,[제안서] 기업 집단 내 관계사 간 육아..,2026.03.05. 16:13:18,제안심사,10010002,고용노동부,국민신문고
1AB-2603-0005263,[저출생대책] &quot;사장님은 어떻게..,2026.03.13. 11:01:24,답변완료,10010004,저출산고령사회위원회,국민신문고
1AB-2603-0005677,[민원/정책제안] 육아도우미 비용 부담 ..,2026.03.14. 09:02:49,답변완료,10010004,법무부,국민신문고
1AB-2603-0007822,고용노동부 육아휴직급여 1년 6개월 연장..,2026.03.18. 20:46:15,답변완료,10010004,고용노동부,국민신문고
1AB-2603-0008560,"손주 육아 인증제, 조부모 육아수당 제도..",2026.03.20. 10:18:43,답변완료,10010004,저출산고령사회위원회,국민신문고
1AB-2603-0009189,공무원 육아휴직 대상 자녀 만 12세 확..,2026.03.21. 21:27:10,답변완료,10010004,인사혁신처,국민신문고
1AB-2604-0000987,[저출생 대응적극행정] 육아휴직 급여 ..,2026.04.03. 08:44:30,답변완료,10010004,고용노동부,국민신문고
1AB-2604-0006280,공공기관 기간제육아휴직 대체근로자 고용..,2026.04.14. 16:19:40,제안심사,10010002,재정경제부,국민신문고
1AB-2604-0010952,&quot;퇴사 대신 휴직을&quot;_..,2026.04.24. 00:02:03,답변완료,10010004,고용노동부,국민신문고
1AB-2604-0011132,쌍둥이를 둔 외벌이 가장의 육아휴직_맞벌..,2026.04.24. 11:56:42,답변완료,10010004,고용노동부,국민신문고
1AB-2604-0013879,1인 영세 자영업자 육아휴직제도 ,2026.04.29. 18:25:30,답변완료,10010004,고용노동부,국민신문고
1AB-2605-0002446,고용보험24 기업지원금&#x28;육아휴직..,2026.05.07. 16:20:13,제안심사,10010002,고용노동부,국민신문고
1AB-2605-0010218,맞벌이 가구와 육아돌봄 부담 완화를 ..,2026.05.23. 16:30:05,답변완료,10010002,보건복지부,국민신문고
1AB-2605-0011499,"[육아휴직] 부,모가 함께 사용 시&#x..",2026.05.26. 17:30:37,답변완료,10010004,고용노동부,국민신문고
1AB-2605-0011834,부부 공무원 육아휴직 잔여기간 가족단위 ..,2026.05.27. 10:27:09,답변완료,10010004,인사혁신처,국민신문고
1AB-2606-0003707,교육공무원 육아휴직 대상 자녀 연령 확대..,2026.06.08. 03:47:47,답변완료,10010004,교육부,국민신문고
1AB-2606-0005402,부모 공동 육아휴직 제도의 실효성 확보를..,2026.06.10. 16:00:34,답변완료,10010004,고용노동부,국민신문고
1AB-2606-0009058,사업주지원금 - 육아기 근로시간 단축 최..,2026.06.18. 16:35:01,제안심사,10010002,고용노동부,국민신문고
1AB-2606-0011628,아빠 육아휴직 장려금 지원사업 도입 제안,2026.06.24. 19:12:55,답변완료,10010004,인천광역시 미추홀구,국민신문고
1AB-2606-0013894,  육아기 10시 출근제의 실효성 제고를..,2026.06.30. 10:23:55,제안심사,10010002,고용노동부,국민신문고
1AB-2607-0000584,"[연내안착 및 실행요청/긴급요청] 난임,..",2026.07.02. 11:03:28,제안심사,10010002,고용노동부,국민신문고
1AB-2607-0000874,공무원 육아시간 대상 자녀 연령 확대 건의,2026.07.02. 23:54:26,제안심사,10010002,인사혁신처,국민신문고
1AB-2607-0002499,공무원 육아시간관련 육아휴직과 연계 초등..,2026.07.07. 07:21:02,제안심사,10010002,인사혁신처,국민신문고
1AB-2607-0002913,육아 용어의 개념 왜곡 방지를 위한 공식..,2026.07.08. 03:02:00,제안심사,10010002,성평등가족부,국민신문고
1AB-2607-0003512,개인사업자의 육아돌봄 비용 부담 완화를..,2026.07.09. 10:20:03,제안심사,10010002,경기도 안양시,국민신문고
1AB-2507-0015377,육아종합지원센터에 초등학생 저학년 놀이방..,2025.07.24. 09:47:38,답변완료,10010004,교육부,국민신문고
1AB-2507-0018847,육아휴직수당 지급대상 확대 요청:지방공무..,2025.07.30. 11:19:34,답변완료,10010004,행정안전부,국민신문고
1AB-2508-0000045,익산육아종합지원센터 대여서비스 운영 방식..,2025.08.01. 03:15:51,답변완료,10010004,전북특별자치도 익산시,국민신문고
1AB-2508-0002247,육아휴직자의 정근수당지급제한에대한 제도개선,2025.08.05. 01:59:36,답변완료,10010004,광주북구시설관리공단,국민신문고
1AB-2508-0017624,육아휴직후 권고사직에 대한 실업급여 지급..,2025.08.28. 14:48:37,답변완료,10010004,고용노동부,국민신문고
1AB-2508-0018329,육아기 단축근무 연장 제안,2025.08.29. 16:01:01,답변완료,10010004,고용노동부,국민신문고
1AB-2512-0016485,육아휴직 대체근로자의 공무직 전환 대상 ..,2025.12.04. 03:44:41,답변완료,10010004,고용노동부,국민신문고
1AB-2601-0000834,육아휴직 후 부서 이동직무 변경이라는 ..,2026.01.03. 17:25:51,답변완료,10010004,저출산고령사회위원회,국민신문고
1AB-2601-0004283,육아기 근로시간 단축 업무분담 지원금의 ..,2026.01.12. 20:06:14,제안심사,10010002,고용노동부,국민신문고
1AB-2601-0011875,육아휴직수당 등으로 부족해진 실업급여 채..,2026.01.30. 03:00:15,답변완료,10010004,고용노동부,국민신문고
1AB-2602-0000552,육아휴직 근무기간 산입 소급제 적용,2026.02.02. 15:35:46,답변완료,10010004,인사혁신처,국민신문고
1AB-2602-0001602,육아휴직을 부모에서 직계존속 까지로 확대 운영,2026.02.04. 19:18:38,답변완료,10010004,고용노동부,국민신문고
1AB-2602-0009255,육아기 10시출근제 의무성 도입을 희망합니다.,2026.02.24. 16:27:26,제안심사,10010002,고용노동부,국민신문고
1AB-2603-0000650,장애전담어린이집_육아휴직제도_개선요청_현장사례,2026.03.02. 14:11:10,답변완료,10010004,고용노동부,국민신문고
1AB-2603-0004341,육아휴직 복직자의 직무 연속성 보장을 위..,2026.03.11. 13:20:23,답변완료,10010004,고용노동부,국민신문고
1AB-2603-0007450,전 국민 육아-커리어 하이브리드 패스,2026.03.17. 23:16:42,답변완료,10010004,저출산고령사회위원회,국민신문고
1AB-2604-0000711,중증난치성 질환 자녀를 둔 공무원의 육..,2026.04.02. 14:05:51,답변완료,10010004,인사혁신처,국민신문고
1AB-2604-0001181,육아휴직 급여 상향 및 차등 지급 제안,2026.04.03. 17:05:24,답변완료,10010004,고용노동부,국민신문고
1AB-2604-0003099,육아기 경력단절 여성 및 신중년 여성의 ..,2026.04.08. 17:40:28,답변완료,10010004,성평등가족부,국민신문고
1AB-2604-0007721,자영업자의 육아기간 보조금 제도 운영이 ..,2026.04.17. 17:40:51,답변완료,10010004,고용노동부,국민신문고
1AB-2604-0008732,자영업자&소상공인을 위한 육아지원 제도 ..,2026.04.20. 12:33:19,답변완료,10010004,고용노동부,국민신문고
1AB-2604-0011532,초등학교 6학년까지 육아휴직 추진,2026.04.25. 12:24:37,답변완료,10010004,고용노동부,국민신문고
1AB-2605-0001957,육아기 단축근로 급여 신청 편의성 개선,2026.05.06. 13:53:01,제안심사,10010002,고용노동부,국민신문고
1AB-2605-0002401,육아휴직 실효성 강화를 위한 제도 개선 건의,2026.05.07. 14:13:54,답변완료,10010004,고용노동부,국민신문고
1AB-2605-0004142,직장에 다니고 있는 조부모에게 손자손녀 ..,2026.05.12. 11:48:25,답변완료,10010004,고용노동부,국민신문고
1AB-2605-0004563,육아휴직 소급지급,2026.05.12. 23:05:24,답변완료,10010004,고용노동부,국민신문고
1AB-2605-0005402,육아휴직 또는 질병휴직시 활용가능한 인력..,2026.05.14. 13:33:59,답변완료,10010004,인사혁신처,국민신문고
1AB-2605-0011419,일반 근로자의 육아휴직 자녀 연령 기준을..,2026.05.26. 13:58:17,답변완료,10010004,고용노동부,국민신문고
1AB-2605-0013392,육아휴직 개선,2026.05.31. 09:59:24,답변완료,10010004,고용노동부,국민신문고
1AB-2606-0001105,자영업자개인사업자 배우자를 둔 근로자의..,2026.06.02. 14:14:31,답변완료,10010004,고용노동부,국민신문고
1AB-2606-0001708,임기제 공무원 및 비정규직&#x28;기간..,2026.06.03. 16:22:42,제안심사,10010002,고용노동부,국민신문고
1AB-2606-0003925,자녀 1명당 육아휴직 총 3년을 부모가 ..,2026.06.08. 13:17:22,답변완료,10010004,고용노동부,국민신문고
1AB-2606-0006642,육아기 근로시간 단축 급여 현실화 및 지..,2026.06.12. 20:29:04,제안심사,10010002,고용노동부,국민신문고
1AB-2606-0007220,청년 일자리와 육아 문제를 동시에 해결할..,2026.06.14. 23:41:37,제안심사,10010002,고용노동부,국민신문고
1AB-2606-0010359,육아휴직 신청 단계의 부당행위 예방을 위..,2026.06.22. 10:56:30,제안심사,10010002,고용노동부,국민신문고
1AB-2606-0010717,정읍시 육아수당 조례변경 관련 제안,2026.06.23. 03:25:36,제안심사,10010002,전북특별자치도 정읍시,국민신문고
1AB-2606-0012082,추가 육아휴직 기간의 육아기 근로시간 단..,2026.06.25. 15:42:22,제안심사,10010002,고용노동부,국민신문고
1AB-2607-0000009,육아휴직 대상나이 인상&#x28;무급&#..,2026.07.01. 01:44:32,제안심사,10010002,고용노동부,국민신문고
1AB-2607-0001120,육아휴직 제도의 개선 및 보완점,2026.07.03. 15:38:40,제안심사,10010002,고용노동부,국민신문고
1AB-2607-0004507,육아교육에 대한 필요성과 시행방법 제안,2026.07.10. 17:33:48,제안심사,10010002,교육부,국민신문고
1AB-2607-0005298,육아휴직 수당 형평성 문제 개선을 요청드..,2026.07.13. 09:49:37,제안심사,10010002,고용노동부,국민신문고
1AB-2607-0005385,육아휴직 대신 쓰는 육아기 근로시간 단축..,2026.07.13. 12:08:11,제안심사,10010002,고용노동부,국민신문고
1AB-2607-0006681,육아기 10시 출근제도의 중소기업 법적 ..,2026.07.15. 13:41:15,제안심사,10010002,고용노동부,국민신문고
1AB-2607-0006826,육아휴직 두 번 사용하면 실업급여도 못 ..,2026.07.15. 15:48:24,제안심사,10010002,고용노동부,국민신문고
1AB-2603-0004158,포괄임금제 사업장의 육아휴직 급여 산정 ..,2026.03.10. 22:24:19,답변완료,10010004,고용노동부,국민신문고
1AB-2607-0002213,한부모 육아휴직 제도 개선,2026.07.06. 14:51:10,제안심사,10010002,고용노동부,국민신문고
1AB-2508-0012669,보육교직원 공무원채용신체검사서 ,2025.08.20. 14:20:20,답변완료,10010004,교육부,국민신문고
1AB-2509-0014684,보육시설 운영 안정과 취약보육 보호를 위..,2025.09.24. 09:30:06,답변완료,10010004,교육부,국민신문고
1AB-2510-0000362,고령화 인구 보육도우미 활동 추진,2025.10.29. 14:25:53,제안심사,10010002,보건복지부,국민신문고
1AB-2511-0009404,시간제보육제 신청시간 및 금액 인하 조정..,2025.11.17. 14:21:29,답변완료,10010004,교육부,국민신문고
1AB-2512-0018067,보육교직원의 사회적 장애인식개선 교육의 ..,2025.12.08. 19:34:26,답변완료,10010004,보건복지부,국민신문고
1AB-2601-0003237,보육교사의 급여 실태,2026.01.09. 22:24:27,답변완료,10010004,교육부,국민신문고
1AB-2601-0004947,"구미 사회복지사, 보육교사 지원혜택 알아..",2026.01.14. 10:48:20,제안심사,10010002,경상북도 구미시,국민신문고
1AB-2601-0005514,방과후 종일보육료 추가지원의 4~8시간 ..,2026.01.15. 15:11:15,답변완료,10010004,교육부,국민신문고
1AB-2602-0005427,"식당사장님에겐 웃음꽃 피는 매출을, 아..",2026.02.13. 20:51:58,답변완료,10010004,보건복지부,국민신문고
1AB-2602-0007178,"거점형 가족쉼터 기반, 초소형 복합 보육..",2026.02.20. 01:20:38,답변완료,10010004,충청남도 홍성군,국민신문고
1AB-2602-0008997,타 시도 거주 아동에 대한 보육 지원 ..,2026.02.23. 22:20:58,답변완료,10010004,울산광역시,국민신문고
1AB-2603-0011782,영아 보육료 자부담 ,2026.03.26. 11:51:48,답변완료,10010004,교육부,국민신문고
1AB-2604-0013274,"구리시,맞벌이 부부를 울리는 &apos;..",2026.04.29. 07:39:47,답변완료,10010004,경기도 구리시,국민신문고
1AB-2605-0007036,"늘봄, 돌봄, 방과후 등 보육공백 프로그..",2026.05.18. 09:32:10,답변완료,10010004,대구광역시교육청,국민신문고
1AB-2605-0009396,보육교직원 경력&#x28;재직&#x29;..,2026.05.21. 18:04:51,답변완료,10010004,교육부,국민신문고
1AB-2605-0010868,보육원 출신 청소년 지원정책제안,2026.05.25. 12:52:41,답변완료,10010004,보건복지부,국민신문고
1AB-2606-0002484,보육교사 처우에 관하여.,2026.06.05. 08:06:27,제안심사,10010002,교육부,국민신문고
1AB-2606-0003380,유치원정교사 자격증 보유자의 보육교사 자..,2026.06.07. 11:39:20,답변완료,10010004,교육부,국민신문고
1AB-2606-0003432,교육보육기관 체육활동 안전사고 책임기준..,2026.06.07. 14:09:16,답변완료,10010004,교육부,국민신문고
1AB-2606-0003433,교육보육기관 전반의 민원 처리 구조 개..,2026.06.07. 14:16:49,답변완료,10010004,교육부,국민신문고
1AB-2606-0004201,교육보육기관의 성취 인정 문화 활성화 제안,2026.06.08. 16:51:28,답변완료,10010004,교육부,국민신문고
1AB-2606-0004698,구리시맞벌이 부부를 울리는 &apos;보..,2026.06.09. 14:37:54,답변완료,10010004,경기도 구리시,국민신문고
1AB-2606-0005081,보육교사의 장기근속을 위한 고용안정 및 ..,2026.06.09. 22:41:38,답변완료,10010004,교육부,국민신문고
1AB-2606-0006547,송파구 오륜동 보육 공백 해소를 위한 국..,2026.06.12. 16:33:24,제안심사,10010002,서울특별시 송파구,국민신문고
1AB-2606-0008935,보육교사 직무교육 점심식사 비용,2026.06.18. 13:28:17,제안심사,10010002,교육부,국민신문고
1AB-2607-0000329,욕지도 영유아 보육시설 설치 및 운영 건..,2026.07.01. 17:08:56,답변완료,10010002,경상남도교육청,국민신문고
1AB-2509-0003411,국민 건강권 보장을 위한 임신 사전 건강..,2025.09.05. 14:17:33,답변완료,10010004,보건복지부,국민신문고
1AB-2509-0009838,임신 사전건강관리 지원사업 추가 예산 지원,2025.09.16. 13:56:21,답변완료,10010004,보건복지부,국민신문고
1AB-2601-0004323,임신전 검사항목 개선제안,2026.01.12. 22:56:41,답변완료,10010004,전북특별자치도 익산시,국민신문고
1AB-2601-0004702,임신 중기&#x28;4~8개월&#x29;..,2026.01.13. 17:40:24,답변완료,10010004,고용노동부,국민신문고
1AB-2601-0007073,인천광역시 &apos;임신 사전건강관리지..,2026.01.20. 01:14:24,제안실현,10010004,인천광역시,국민신문고
1AB-2601-0009199,보성군 보건소&apos;임신준비기간 지원..,2026.01.24. 07:46:20,답변완료,10010004,전라남도 보성군,국민신문고
1AB-2602-0009360,다운증후군 등 중증 기형 확진 시 합법적..,2026.02.24. 20:03:53,답변완료,10010004,보건복지부,국민신문고
1AB-2602-0010329,정부24 &apos;맘편한임신&apos;..,2026.02.27. 01:28:31,답변완료,10010004,행정안전부,국민신문고
1AB-2603-0000668,공공 태교공예 지도사 제도 도입을 통한 ..,2026.03.02. 15:03:40,답변완료,10010004,보건복지부,국민신문고
1AB-2604-0003484,임산부 및 임신가능성 여성에 대한 결핵진..,2026.04.09. 13:35:25,답변완료,10010004,질병관리청,국민신문고
1AB-2605-0003623,맘편한 임신 서비스 처리 기한 설정,2026.05.11. 10:35:05,답변완료,10010004,경상북도 김천시,국민신문고
1AB-2607-0006028,시각장애 여성을 위한 촉각 임신테스트기 개발,2026.07.14. 12:07:50,제안심사,10010002,보건복지부,국민신문고
1AB-2507-0017813,다자녀 가족 숙소인원 제한의 어려움,2025.07.28. 15:59:02,답변완료,10010004,문화체육관광부,국민신문고
1AB-2507-0019029,다자녀 기준 상향을 넘어선 &apos;자..,2025.07.30. 15:20:15,제안심사,10010002,국토교통부,국민신문고
1AB-2508-0000513,다자녀 가정에 대한 실질적인 지원 확대 요청,2025.08.01. 15:11:30,답변완료,10010004,저출산고령사회위원회,국민신문고
1AB-2508-0001057,다자녀 가정은 디딤돌 대출 면적제한 폐지..,2025.08.02. 15:48:56,제안심사,10010002,국토교통부,국민신문고
1AB-2508-0009843,다자녀 공무원 대상 정원 교환형 전출제 ..,2025.08.14. 22:15:23,답변완료,10010004,교육부,국민신문고
1AB-2511-0003357,다자녀 가구 지역사랑화폐 구매한도 상향 요청,2025.11.03. 22:32:44,답변완료,10010004,충청남도 예산군,국민신문고
1AB-2511-0003366,다자녀 기준 완화로 인한 세 자녀 이상 ..,2025.11.03. 23:13:02,답변완료,10010004,저출산고령사회위원회,국민신문고
1AB-2512-0020205,다자녀 가정 지원금 개선: 자녀 1인당 ..,2025.12.13. 14:40:58,답변완료,10010004,보건복지부,국민신문고
1AB-2512-0023589,다자녀 가구 증빙 디지털화,2025.12.21. 14:07:04,답변완료,10010004,보건복지부,국민신문고
1AB-2512-0025030,다자녀 가구의 실질 생활 수준을 반영하지..,2025.12.25. 20:40:56,답변완료,10010004,교육부,국민신문고
1AB-2601-0005542,공공자전거  다자녀가구 할인 도입 제안&..,2026.01.15. 15:56:46,답변완료,10010004,경상남도 창원시,국민신문고
1AB-2601-0006763,김포시 다자녀가구 기준인원 개선 요망! ..,2026.01.19. 11:27:21,답변완료,10010004,경기도 김포시,국민신문고
1AB-2601-0008079,다자녀 가구 수도요금 할인 도입제안&#x..,2026.01.21. 21:52:50,답변완료,10010004,경기도 연천군,국민신문고
1AB-2601-0009988,1인세대 대비 다자녀 양육 세대에 징벌적..,2026.01.26. 10:27:51,답변완료,10010004,저출산고령사회위원회,국민신문고
1AB-2601-0011189,다자녀 관련 제안,2026.01.28. 16:30:59,답변완료,10010002,보건복지부,국민신문고
1AB-2602-0000714,다자녀 가구 셋째 이상 자녀 대학 등록금..,2026.02.02. 20:26:02,답변완료,10010004,교육부,국민신문고
1AB-2602-0002220, 다자녀 가정 지원제도의 주민등록 기준 ..,2026.02.05. 16:40:13,답변완료,10010004,저출산고령사회위원회,국민신문고
1AB-2602-0003759,[정책 제안] 다자녀 가구의 현실을 외면..,2026.02.09. 13:26:25,답변완료,10010004,교육부,국민신문고
1AB-2602-0008153,다자녀 가정 공공기관 가산점 신설,2026.02.22. 10:49:48,답변완료,10010002,인사혁신처,국민신문고
1AB-2603-0000027,다자녀 대학등록금 문제점,2026.03.01. 04:10:34,답변완료,10010004,교육부,국민신문고
1AB-2603-0002575,셋째 대학 등록금 무상 약속의 실현을..,2026.03.06. 13:27:12,답변완료,10010004,교육부,국민신문고
1AB-2603-0004254,다자녀 공무원 인사 우대 적극 추진 건,2026.03.11. 09:17:02,답변완료,10010002,인사혁신처,국민신문고
1AB-2603-0005158,다자녀 가구의 실질적 교육비 부담을 외면..,2026.03.13. 08:12:47,답변완료,10010004,교육부,국민신문고
1AB-2603-0006594,다자녀 가구에 대한 신생아특례대출 면적제..,2026.03.16. 06:20:49,제안심사,10010002,국토교통부,국민신문고
1AB-2603-0007937,다자녀 문제 개선,2026.03.19. 07:27:39,답변완료,10010004,문화체육관광부,국민신문고
1AB-2603-0013304,다자녀 가정 의료 및 교육 지원,2026.03.30. 10:29:33,답변완료,10010002,교육부,국민신문고
1AB-2604-0003488,다자녀 가구의 실질적 교육 기회 보장을 ..,2026.04.09. 15:02:11,제안심사,10010002,교육부,국민신문고
1AB-2604-0003919,다자녀 가구 주거 기준의 현실 미반영에 ..,2026.04.10. 10:21:41,제안심사,10010002,국토교통부,국민신문고
1AB-2604-0003937,다자녀 가구 소득 기준 산정 방식의 현실..,2026.04.10. 10:49:05,답변완료,10010004,보건복지부,국민신문고
1AB-2604-0004541,다자녀 누진제 폐지 해주세요,2026.04.11. 13:37:32,답변완료,10010004,저출산고령사회위원회,국민신문고
1AB-2604-0004847,다자녀 가정의 실질적 양육부담 완화를 위..,2026.04.12. 09:32:59,답변완료,10010004,보건복지부,국민신문고
1AB-2605-0004903,다자녀 가구에 대한 신생아특례대출 면적 ..,2026.05.13. 14:27:51,답변완료,10010004,저출산고령사회위원회,국민신문고
1AB-2605-0009639,다자녀 가정 차량 고속도로 버스전용차선 ..,2026.05.22. 10:57:39,제안심사,10010002,경찰청,국민신문고
1AB-2605-0009648,다자녀 가정의 차량 혜택 정책,2026.05.22. 11:12:38,답변완료,10010004,저출산고령사회위원회,국민신문고
1AB-2605-0013019,다자녀 가구 대상 버팀목 전세대출 주택면..,2026.05.29. 18:06:14,제안심사,10010002,금융위원회,국민신문고
1AB-2606-0005539,고등학교 입학 전형의 공정성 강화를 위한..,2026.06.10. 22:02:53,답변완료,10010004,부산광역시교육청,국민신문고
1AB-2606-0009049,3자녀 이상 다자녀 가구의 버스전용차로 ..,2026.06.18. 16:06:22,제안심사,10010002,경찰청,국민신문고
1AB-2606-0012587,다자녀 국가장학금 소득구간 산정 기준 개..,2026.06.26. 13:57:46,제안심사,10010002,교육부,국민신문고
1AB-2607-0004499,다자녀 가구의 부동산 보유세 등에 대한 제안,2026.07.10. 17:10:42,제안심사,10010002,재정경제부,국민신문고
1AB-2607-0005381,다자녀 국가장학금 제도의 세자녀가정의 대..,2026.07.13. 13:26:28,제안심사,10010002,교육부,국민신문고
1AB-2607-0009157,다자녀 가정을 위한 고속도로 버스전용차로..,2026.07.20. 14:04:37,제안심사,10010002,경찰청,국민신문고
1AB-2507-0018072,다자녀 정책의 비현실성,2025.07.29. 02:47:05,답변완료,10010002,저출산고령사회위원회,국민신문고
1AB-2507-0019040,셋째아 이상 다자녀 가구 대상 &apos..,2025.07.30. 15:34:15,답변완료,10010004,보건복지부,국민신문고
1AB-2507-0019308,다자녀 숙박 기준 완화 제안  ,2025.07.31. 07:20:48,제안심사,10010002,경상북도,국민신문고
1AB-2508-0000049,다자녀 숙박 기준 완화  제안,2025.08.01. 03:26:28,답변완료,10010004,문화체육관광부,국민신문고
1AB-2508-0005420,다자녀증 발급,2025.08.08. 19:16:49,답변완료,10010004,보건복지부,국민신문고
1AB-2508-0009278,다자녀가구 버스전용차선 이용 허가,2025.08.14. 10:10:13,답변완료,10010002,경찰청,국민신문고
1AB-2508-0018517,수원시 체육시설의 다자녀 할인 제도를 건..,2025.08.29. 23:17:47,답변완료,10010004,경기도 수원시,국민신문고
1AB-2508-0018915,모바일 다자녀증 신설,2025.08.30. 19:23:17,답변완료,10010004,행정안전부,국민신문고
1AB-2509-0000863,다자녀가정을 위한 비합리적인 전세자금대출,2025.09.02. 08:45:27,제안심사,10010002,국토교통부,국민신문고
1AB-2509-0001856,다자녀 혜택,2025.09.03. 00:52:27,답변완료,10010004,저출산고령사회위원회,국민신문고
1AB-2509-0001881,다자녀가정 종량제봉투 지원사업 제안,2025.09.03. 01:56:53,답변완료,10010004,부산광역시 해운대구,국민신문고
1AB-2509-0002119,다자녀카드 혜택 전국 호환 제안드려요,2025.09.03. 12:35:09,답변완료,10010004,보건복지부,국민신문고
1AB-2509-0006275,도시가스 요금 감면의 다자녀 기준 개선 요청,2025.09.10. 11:14:00,답변완료,10010004,산업통상자원부,국민신문고
1AB-2509-0010750,수원시 실내체육관 다자녀할인,2025.09.17. 15:46:28,답변완료,10010004,경기도 수원시,국민신문고
1AB-2509-0014109,다자녀 유공자 표시 도입 제안,2025.09.23. 11:14:39,답변완료,10010004,경상북도 울진군,국민신문고
1AB-2511-0004770,다자녀 부모,2025.11.06. 14:25:09,답변완료,10010004,국토교통부,국민신문고
1AB-2511-0007376,다자녀학생 k패쓰,2025.11.12. 07:14:14,답변완료,10010004,경상남도 양산시,국민신문고
1AB-2511-0012230,버스전용차선의 다자녀&#x28;3자녀 이..,2025.11.23. 12:19:51,답변완료,10010004,경찰청,국민신문고
1AB-2511-0013344,대전광역시 지역개발기금 설치조례 제9조 ..,2025.11.26. 03:55:08,제안심사,10010002,대전광역시,국민신문고
1AB-2512-0021499,다자녀가정 현 정책과 향후 정책에 관한 ..,2025.12.16. 19:27:05,답변완료,10010004,저출산고령사회위원회,국민신문고
1AB-2512-0026714,다자녀 학자금 지원 관련,2025.12.30. 15:41:35,답변완료,10010004,교육부,국민신문고
1AB-2601-0001974,아동수당만 지원해주시지말고 다자녀지원도 ..,2026.01.06. 21:45:22,답변완료,10010004,저출산고령사회위원회,국민신문고
1AB-2601-0003767,여주도시공사다자녀 할인 키오스크 선택 반..,2026.01.11. 13:39:18,답변완료,10010004,여주도시공사,국민신문고
1AB-2601-0005505,대전시 공공자전거 타슈 다자녀가구 할인 ..,2026.01.15. 14:25:16,답변완료,10010004,대전광역시,국민신문고
1AB-2601-0006134,다자녀가정이라는 단어사용,2026.01.17. 14:40:47,답변완료,10010004,저출산고령사회위원회,국민신문고
1AB-2601-0006795,다자녀의 명칭 세밀하게 개정하자,2026.01.19. 12:34:47,답변완료,10010004,보건복지부,국민신문고
1AB-2601-0011198,영아기 중심에서 생애주기별 맞춤형으로: ..,2026.01.28. 16:40:33,제안심사,10010002,국토교통부,국민신문고
1AB-2602-0000241,다자녀의 정책에 대하여,2026.02.01. 20:13:05,답변완료,10010004,교육부,국민신문고
1AB-2602-0001604,다자녀가정혜택 중 취업 가산점 부여 제도 도입,2026.02.04. 18:29:54,답변완료,10010004,교육부,국민신문고
1AB-2603-0003843,다자녀가구 재산세 감면 혜택,2026.03.10. 09:12:22,제안심사,10010002,경기도 평택시,국민신문고
1AB-2604-0000261,성남시 다자녀 가구&#x28;2자녀 이상..,2026.04.01. 14:41:40,답변완료,10010004,경기도 성남시,국민신문고
1AB-2604-0007855,사회통합전형&#x28;다자녀&#x29; ..,2026.04.18. 02:09:14,답변완료,10010004,저출산고령사회위원회,국민신문고
1AB-2604-0012044,모바일신분증에 다자녀 인증서 포함 요청건,2026.04.27. 13:53:59,답변완료,10010004,행정안전부,국민신문고
1AB-2605-0002762,다자녀가구에 대한 명확한 용어사용 및 지원,2026.05.08. 14:54:36,답변완료,10010002,국토교통부,국민신문고
1AB-2605-0012267,다자녀&#x28;다둥이&#x29; 가정 ..,2026.05.28. 00:38:41,답변완료,10010004,보건복지부,국민신문고
1AB-2606-0004166,세종특별자치시 합강캠핑장 다자녀 가족 이..,2026.06.08. 16:18:54,답변완료,10010004,세종특별자치시,국민신문고
1AB-2607-0000742,다자녀가정 복지제도 고려- 지역화폐 연동,2026.07.02. 15:37:18,제안심사,10010002,경기도 화성시,국민신문고
1AB-2607-0000780,다자녀가정 복지제도 고려- 지역화폐 연동..,2026.07.02. 16:44:34,제안심사,10010002,경기도 수원시,국민신문고
1AB-2607-0003359,버스전용차로 이용기준 현실화 및 다자녀 ..,2026.07.08. 22:16:52,제안심사,10010002,경찰청,국민신문고
1AB-2607-0006934,다자녀 양육 및 원거리 출퇴근 공무원 대..,2026.07.15. 19:09:54,제안심사,10010002,인사혁신처,국민신문고
1AB-2607-0008694,만혼다자녀 가구를 고려한 정년 연장 및..,2026.07.19. 12:06:05,제안심사,10010002,고용노동부,국민신문고
1AB-2508-0001758,활동지원서비스 다자녀 가정 가산점 관련 ..,2025.08.04. 10:46:50,답변완료,10010004,보건복지부,국민신문고
1AB-2508-0018477,자녀 주소지 변경 시에도 다자녀 가정 혜..,2025.08.29. 20:38:06,답변완료,10010004,경기도 평택시,국민신문고
1AB-2511-0009090,전북 다자녀정책 의견 제시합니다,2025.11.16. 23:21:03,답변완료,10010004,저출산고령사회위원회,국민신문고
1AB-2512-0026155,청년주택드림대출의 &apos;기존 자녀 ..,2025.12.29. 11:11:24,제안심사,10010002,국토교통부,국민신문고
1AB-2601-0001482,주택담보대출 다자녀 면적 제한 확대 요청..,2026.01.05. 17:16:33,답변완료,10010004,저출산고령사회위원회,국민신문고
1AB-2602-0004707,인구 위기 극복 및 다자녀 가구 실질 지..,2026.02.11. 21:03:59,답변완료,10010004,고용노동부,국민신문고
1AB-2603-0001697,장애인 주차구역 혼용 제안-다자녀 가구에 한해,2026.03.04. 16:46:40,제안심사,10010002,보건복지부,국민신문고
1AB-2603-0002326,충청남도 다자녀 교육지원 정책의 &apo..,2026.03.05. 22:03:31,답변완료,10010004,충청남도교육청,국민신문고
1AB-2603-0003616,평택시 다자녀 행복기숙사 지원 요청,2026.03.09. 15:03:47,제안심사,10010002,경기도 평택시,국민신문고
1AB-2603-0004739,차상위계층 신청 시 가구원 수 및 다자녀..,2026.03.12. 09:50:03,답변완료,10010004,보건복지부,국민신문고
1AB-2604-0000272,주거 밀집 지역 내 다자녀 및 노부모 부..,2026.04.01. 14:50:21,답변완료,10010004,경기도 성남시,국민신문고
1AB-2604-0004003,저출생 극복을 위한 주거 정책 패러다임 ..,2026.04.10. 13:19:49,답변완료,10010004,국토교통부,국민신문고
1AB-2605-0005406,제안 제목 다자녀 혜택의 전국 단위 통합..,2026.05.14. 13:35:01,답변완료,10010004,보건복지부,국민신문고
1AB-2605-0010474,한부모다자녀 가정 복지기준 현실화 및 ..,2026.05.24. 11:51:10,제안심사,10010002,보건복지부,국민신문고
1AB-2606-0010979,자녀 다자녀 국가장학금 신청 서류문제&#..,2026.06.23. 17:02:46,제안심사,10010002,교육부,국민신문고
1AB-2607-0004965,예비군 자녀 지연입소 대상 확대 &#x2..,2026.07.12. 14:16:15,제안심사,10010002,국방부,국민신문고
1AB-2507-0017310,"제천시,공공산후조리원 운영 실태조사 제안",2025.07.27. 18:05:06,답변완료,10010004,충청북도 제천시,국민신문고
1AB-2508-0015686,문경새재 힐링촌을  활용한 공공 산후조리..,2025.08.25. 20:57:41,답변완료,10010004,경상북도 문경시,국민신문고
1AB-2511-0007295,안심 산후조리원 도입 제안&#x28;민원..,2025.11.11. 22:28:48,답변완료,10010004,인천광역시,국민신문고
1AB-2604-0005468,돈으로 남편의 면회를 사는 산후조리원 제..,2026.04.13. 12:22:22,제안심사,10010002,보건복지부,국민신문고
1AB-2507-0015231,어린이집 운용에대한 개선사항 건의,2025.07.23. 23:09:08,답변완료,10010004,교육부,국민신문고
1AB-2507-0016281,양산시 공단연합 공공어린이집 설치 제안 건의문,2025.07.25. 11:40:31,답변완료,10010004,근로복지공단,국민신문고
1AB-2507-0019087,부산시청 어린이집 안전한 교통환경 조성 제안,2025.07.30. 16:43:58,답변완료,10010004,부산광역시 부산진구,국민신문고
1AB-2508-0004652,어린이집 만2세 정원 외 추가 2명 ,2025.08.07. 21:27:44,답변완료,10010004,교육부,국민신문고
1AB-2508-0009952,AI 카메라를 이용한 어린이집 근처 흡연..,2025.08.15. 10:08:31,답변완료,10010004,경기도 의왕시,국민신문고
1AB-2509-0007271,민간 및 가정 어린이집유치원 정부지원 ..,2025.09.11. 22:06:18,답변완료,10010004,교육부,국민신문고
1AB-2509-0011018,어린이집 및 유치원 코로나 등 질병 사멸..,2025.09.18. 09:21:26,답변완료,10010004,교육부,국민신문고
1AB-2510-0000633,"구리시,시립행복가득어린이집 위탁체 부당해..",2025.10.29. 19:11:25,답변완료,10010004,경기도 구리시,국민신문고
1AB-2511-0009839,(SPS-2511-0742645)부산광역..,2025.11.07. 17:39:59,답변완료,10010004,부산광역시 수영구,국민신문고
1AB-2511-0013108,시청 어린이집 설치,2025.11.25. 16:08:34,답변완료,10010004,경기도 안성시,국민신문고
1AB-2512-0017625,아파트 가정어린이집 매트 및 방음벽설치 ..,2025.12.07. 17:22:20,답변완료,10010004,교육부,국민신문고
1AB-2512-0019321,구미시행정처분 숨긴 아파트 어린이집 원장..,2025.12.11. 13:04:58,답변완료,10010004,경상북도 구미시,국민신문고
1AB-2512-0025062,"어린이집 운영 관련 법령, 지침 통합 제..",2025.12.25. 23:08:54,답변완료,10010004,교육부,국민신문고
1AB-2512-0025416,어린이집 원장의 외부강의 및 겸직 제한 ..,2025.12.26. 18:09:05,답변완료,10010004,교육부,국민신문고
1AB-2601-0002026,강원특별자치도 춘천 지역 소방공무원 직장..,2026.01.07. 03:19:54,답변완료,10010004,강원특별자치도,국민신문고
1AB-2601-0005267,유치원 / 어린이집 유아 석식 지원사업 ..,2026.01.14. 23:46:35,답변완료,10010002,서울특별시 중구,국민신문고
1AB-2601-0007058,국공립어린이집 호봉제로 경력교사가 배제되..,2026.01.19. 23:55:36,답변완료,10010004,교육부,국민신문고
1AB-2602-0008691,어린이집 대란 완화 방안&#x28;민원..,2026.02.23. 13:28:55,답변완료,10010004,강원특별자치도 춘천시,국민신문고
1AB-2602-0008692,어린이집 특별활동 미참여 아동에 대한 대..,2026.02.23. 13:55:17,답변완료,10010004,교육부,국민신문고
1AB-2604-0006614,어린이집 화재 대응 강화를 위한 생명구..,2026.04.15. 13:01:47,답변완료,10010004,경기도 오산시,국민신문고
1AB-2605-0004794,거제시 생애최초 입학축하금 지원대상을 법..,2026.05.13. 12:55:23,제안심사,10010002,경상남도 거제시,국민신문고
1AB-2606-0000994,(SPS-2606-0211877)어린이집..,2026.06.02. 10:32:53,답변완료,10010004,인천광역시 미추홀구,국민신문고
1AB-2606-0001678,어린이집. 유치원 조리사 처우,2026.06.03. 15:20:02,답변완료,10010004,교육부,국민신문고
1AB-2606-0010361,농촌 지역 아이돌봄 서비스와 어린이집 연..,2026.06.22. 11:06:12,제안심사,10010002,전북특별자치도 장수군,국민신문고
1AB-2606-0010707,사천시 폐원되는 어린이집을 민간과 시에서..,2026.06.23. 02:48:28,제안심사,10010002,경상남도 사천시,국민신문고
1AB-2607-0008843,유보통합 대비 어린이집 국가관리 회계시스..,2026.07.19. 20:55:38,제안심사,10010002,교육부,국민신문고
1AB-2508-0014860,자가 운영 어린이집의 제도적 불평등 개선..,2025.08.24. 12:33:23,답변완료,10010004,교육부,국민신문고
1AB-2508-0017928,전국 국공립어린이집 국기계양대 설치및교육,2025.08.29. 07:36:34,답변완료,10010004,교육부,국민신문고
1AB-2509-0005044,유치원도 어린이집과 같이 평가인증이 필요..,2025.09.08. 11:05:20,답변완료,10010004,교육부,국민신문고
1AB-2511-0014481,"현행 유치원 방학 및 휴일, 식단을 어린..",2025.11.28. 14:52:08,답변완료,10010004,교육부,국민신문고
1AB-2601-0004077,유치원 / 어린이집 유아 석식 지원사업&..,2026.01.12. 13:02:26,답변완료,10010004,제주특별자치도,국민신문고
1AB-2607-0007706,인천형 어린이집을 확충하여 주세요,2026.07.17. 11:33:33,제안심사,10010002,인천광역시,국민신문고
1AB-2507-0015872,아이돌봄 선생님들 근로시간 조정,2025.07.24. 18:37:54,답변완료,10010004,여성가족부,국민신문고
1AB-2508-0004822,아이돌봄 서비스 개선 요구,2025.08.08. 10:19:36,답변완료,10010004,여성가족부,국민신문고
1AB-2509-0012093,서울형아이돌봄비 행정편의주의적인 신청기간..,2025.09.19. 15:50:35,제안심사,10010002,서울특별시,국민신문고
1AB-2512-0020482,임실군아이돌봄서비스 연간 이용시간 조정 ..,2025.12.14. 11:24:38,답변완료,10010004,전북특별자치도 임실군,국민신문고
1AB-2603-0003060,나주형 아이돌봄서비스 정책제안,2026.03.07. 18:51:19,답변완료,10010004,전라남도 나주시,국민신문고
1AB-2605-0009378,민간 아이돌봄 서비스 등록기준의 현실적 ..,2026.05.21. 17:35:33,답변완료,10010004,성평등가족부,국민신문고
1AB-2607-0009066,아이돌봄 지원사업의 실효성 제고를 위한 ..,2026.07.20. 11:03:13,제안심사,10010002,성평등가족부,국민신문고
1AB-2509-0003726,생활인구증가방안및 저출생고령화 대책 제안,2025.09.06. 08:57:36,답변완료,10010004,경상북도 울진군,국민신문고
1AB-2603-0007910,양육 환경 혁신을 통한 저출생 구조 해..,2026.03.19. 02:46:33,답변완료,10010004,경기도 광명시,국민신문고
1AB-2604-0003558,저출생 극복 및 군 인권 보장을 위한 ..,2026.04.09. 14:50:19,답변완료,10010004,국방부,국민신문고
1AB-2604-0003574,저출생 극복을 위한 군인가족 동거권 보장..,2026.04.09. 15:13:35,답변완료,10010004,국방부,국민신문고
1AB-2604-0005232,저출생 극복을 위한 임산부 맞춤형 태교 ..,2026.04.13. 00:32:14,답변완료,10010004,보건복지부,국민신문고
1AB-2605-0003339,저출생 극복을 위한 지역공동체 및 전국 ..,2026.05.10. 14:53:18,답변완료,10010004,행정안전부,국민신문고
1AB-2605-0008115,저출생초고령사회의 국가 혈액 수급 체계..,2026.05.19. 17:32:59,답변완료,10010004,보건복지부,국민신문고
1AB-2605-0010051,"저출생 극복, 안보 역량 강화 및 젠더 ..",2026.05.23. 05:35:47,답변완료,10010004,교육부,국민신문고
1AB-2607-0004685,저출생 개선 정책 제안,2026.07.11. 12:42:22,제안심사,10010002,저출산고령사회위원회,국민신문고
1AB-2607-0009026,저출생 시대에 역행하는 &apos;아동 ..,2026.07.20. 09:44:35,제안심사,10010002,저출산고령사회위원회,국민신문고
1AB-2507-0016265,가족돌봄 휴직 신청 대상자 개선,2025.07.25. 11:13:40,답변완료,10010004,고용노동부,국민신문고
1AB-2507-0017769,다함께돌봄센터 장애아동 돌봄 인력 지원 요청,2025.07.28. 14:53:15,답변완료,10010004,보건복지부,국민신문고
1AB-2508-0001631,「스마트 활동지원사 제도 : 와상 장애인..,2025.08.04. 00:10:57,답변완료,10010004,보건복지부,국민신문고
1AB-2508-0004183,늘봄학교 운영 개선&#x28;선택형 돌봄..,2025.08.07. 16:11:39,답변완료,10010004,교육부,국민신문고
1AB-2508-0005100,다함께돌봄센터 방학 중 아동급식 100%,2025.08.08. 14:48:46,답변완료,10010004,경기도 안성시,국민신문고
1AB-2508-0007497,노인돌봄 ai로봇인형,2025.08.12. 10:23:52,답변완료,10010004,보건복지부,국민신문고
1AB-2508-0007918,노인돌봄서비스 확대,2025.08.12. 17:03:28,답변완료,10010004,보건복지부,국민신문고
1AB-2508-0008415,10월 긴 연휴기간 동안 돌봄이 필요한 ..,2025.08.13. 11:21:34,답변완료,10010004,보건복지부,국민신문고
1AB-2508-0009983,노인일자리 활용 새벽 시간대 아동 돌봄 ..,2025.08.15. 11:40:41,제안심사,10010002,보건복지부,국민신문고
1AB-2508-0011927,가족돌봄휴직제도 사유 확장 &#x28;자..,2025.08.19. 09:21:11,답변완료,10010004,고용노동부,국민신문고
1AB-2508-0016849,*2026년부터 전국적으로 시행 될 통합..,2025.08.27. 13:45:47,답변완료,10010004,보건복지부,국민신문고
1AB-2508-0017147,1인 가구 반려동물 돌봄휴가 제도 도입 제안,2025.08.27. 17:55:26,답변완료,10010004,고용노동부,국민신문고
1AB-2511-0006242,다함께 돌봄 CCTV 설치 의무화 법제화..,2025.11.10. 10:01:27,답변완료,10010004,보건복지부,국민신문고
1AB-2511-0008294,가족돌봄휴가 제도 개선 요청,2025.11.13. 15:26:52,답변완료,10010004,고용노동부,국민신문고
1AB-2601-0006142, 「어르신 통합돌봄 서비스」 실효성 있는..,2026.01.17. 15:23:16,답변완료,10010004,보건복지부,국민신문고
1AB-2601-0009211,다함께 돌봄센터 맞벌이 및 한부모 가정에..,2026.01.24. 10:09:47,답변완료,10010004,보건복지부,국민신문고
1AB-2601-0011983,노인장애인 지역사회 통합돌봄 시범사업 ..,2026.01.30. 11:03:58,답변완료,10010004,보건복지부,국민신문고
1AB-2602-0002995,[정책 제안] 교육 현장 정상화와 안심 ..,2026.02.07. 14:30:29,답변완료,10010004,교육부,국민신문고
1AB-2602-0002998,[정책 제안] 원가정 해체 방지 및 아동..,2026.02.07. 14:40:00,답변완료,10010004,성평등가족부,국민신문고
1AB-2603-0001501,나주 혁신도시 맞벌이 가구 돌봄 공백 해..,2026.03.04. 10:43:09,답변완료,10010004,전라남도 나주시,국민신문고
1AB-2603-0002040,다함께돌봄센터 월 이용료 무상지원 요청,2026.03.05. 11:54:55,답변완료,10010004,보건복지부,국민신문고
1AB-2604-0000722,각 마을의 노인정과 마을회관을 노인돌봄센..,2026.04.02. 15:27:09,답변완료,10010004,보건복지부,국민신문고
1AB-2604-0011997,[공동주택 내 주민공동시설의 아동 돌봄 ..,2026.04.27. 12:36:15,제안심사,10010002,국토교통부,국민신문고
1AB-2605-0002246,AI디지털 기반 노인 정서인지사회 ..,2026.05.07. 08:10:13,제안심사,10010002,보건복지부,국민신문고
1AB-2605-0004119,AI 기반 가족돌봄 위기 통합지원 플..,2026.05.12. 10:42:38,제안심사,10010002,보건복지부,국민신문고
1AB-2605-0012406,공공기관 차량 2부제 지침의 현실성 없는..,2026.05.28. 12:57:15,답변완료,10010004,기후에너지환경부,국민신문고
1AB-2605-0012679,대학생 인력 연계를 통한 지역 통합돌봄 ..,2026.05.28. 22:23:51,제안심사,10010002,교육부,국민신문고
1AB-2606-0005559, 유휴 공공자산을 활용한 장애인 복합 영..,2026.06.10. 23:43:11,제안심사,10010002,경상남도 양산시,국민신문고
1AB-2606-0012775,대한민국 생애말기 돌봄 문화개선 정책제안..,2026.06.26. 21:45:13,답변완료,10010004,보건복지부,국민신문고
1AB-2606-0012778,대한민국 생애 말기 돌봄 문화 개선 정책..,2026.06.26. 21:51:59,답변완료,10010004,보건복지부,국민신문고
1AB-2606-0012779,대한민국 생애말기 돌봄 문화개선 정책제안..,2026.06.26. 21:57:08,답변완료,10010004,보건복지부,국민신문고
1AB-2606-0012888,대한민국 생애말기 돌봄 문화개선  특별 ..,2026.06.27. 11:50:23,제안심사,10010002,보건복지부,국민신문고
1AB-2607-0000423,간병 돌봄 유급휴가 확대 제안,2026.07.01. 20:40:30,제안심사,10010002,인사혁신처,국민신문고
1AB-2607-0001365,&quot;보건복지 1위 국가 도약: 담..,2026.07.04. 02:22:18,제안심사,10010002,보건복지부,국민신문고
1AB-2607-0001841,가치자람 온동네 돌봄119: 충북 돌봄공..,2026.07.05. 17:36:11,제안심사,10010002,충청북도,국민신문고
1AB-2607-0003625,겨울철 산촌 오지 고독사 예방을 위한 「..,2026.07.09. 13:01:12,제안심사,10010002,경상남도,국민신문고
1AB-2607-0006267,[추가 제안] 초등 돌봄교실 비정기 이용..,2026.07.14. 19:16:09,제안심사,10010002,부산광역시교육청,국민신문고
1AB-2507-0015265,돌봄까지도 전문교사가 가능하지않을까요?,2025.07.24. 02:16:40,답변완료,10010004,교육부,국민신문고
1AB-2508-0017046,외국인 근로자 시스템 제안서 &#x28;..,2025.08.27. 17:26:39,답변완료,10010004,법무부,국민신문고
1AB-2509-0003181,"엄마의 배움, 아이의 돌봄이 함께하는 평..",2025.09.05. 10:29:49,답변완료,10010004,경상북도 울진군,국민신문고
1AB-2509-0003416,발달장애인 삶의 질 향상과 권익 보호를 ..,2025.09.05. 14:20:26,답변완료,10010004,경상북도 울진군,국민신문고
1AB-2509-0003516,"엄마의 배움, 아이의 돌봄이 함께하는 평..",2025.09.05. 15:34:08,답변완료,10010004,대전광역시,국민신문고
1AB-2509-0003524,"엄마의 배움, 아이의 돌봄이 함께하는 평..",2025.09.05. 15:43:55,답변완료,10010004,대전광역시,국민신문고
1AB-2511-0006715,발달장애학생 방과후돌봄을 위한  방과후활..,2025.11.10. 22:18:16,답변완료,10010004,보건복지부,국민신문고
1AB-2511-0009971,이불세탁차 운영을 통한 올인원 고령 취약..,2025.11.18. 10:37:04,답변완료,10010004,강원특별자치도,국민신문고
1AB-2511-0010264,이불세탁차 운영을 통한 올인원 고령 취약..,2025.11.18. 17:31:27,답변완료,10010004,경기도 구리시,국민신문고
1AB-2511-0011482,온맘 &#x28;장애자녀 부모 지원 종합..,2025.11.20. 20:22:54,제안실현,10010004,교육부,국민신문고
1AB-2511-0013317,발달장애인 돌봄 시설 매칭 서비스,2025.11.26. 00:37:08,제안심사,10010002,보건복지부,국민신문고
1AB-2511-0013897,발달장애인 전공과 학생들을 위한 방학 중..,2025.11.27. 11:24:21,답변완료,10010004,보건복지부,국민신문고
1AB-2511-0014938,방학 돌봄 공백 해결,2025.11.30. 14:57:31,답변완료,10010004,서울특별시,국민신문고
1AB-2512-0021283,돌봄 인력 국가자격 체계의 분절로 인한 ..,2025.12.16. 13:44:02,답변완료,10010004,보건복지부,국민신문고
1AB-2512-0024611,익산시 송학동 방면 지역아동돌봄센터 건립 건의,2025.12.24. 11:08:10,제안심사,10010002,전북특별자치도 익산시,국민신문고
1AB-2512-0025740,부천시 가족돌봄 청소년청년 지원 사업 ..,2025.12.28. 12:47:25,답변완료,10010004,경기도 부천시,국민신문고
1AB-2601-0002278,아기스타일리스트 양성과정 제도화를 통한 ..,2026.01.07. 17:09:33,답변완료,10010004,성평등가족부,국민신문고
1AB-2601-0003676,시니어 셀프케어 코치 양성 및 지역사..,2026.01.11. 11:17:20,제안심사,10010002,보건복지부,국민신문고
1AB-2601-0006803,어르신 공공일자리를 통한 독거노인 돌봄서..,2026.01.19. 12:47:12,답변완료,10010004,경기도 의정부시,국민신문고
1AB-2601-0011099,돌봄적금&#x28;Care Savings..,2026.01.28. 14:13:16,답변완료,10010004,보건복지부,국민신문고
1AB-2602-0001593,도시 옥상 기반 분산형 유기동물 돌봄 체..,2026.02.04. 17:56:56,답변완료,10010004,농림축산식품부,국민신문고
1AB-2602-0005784,수성구 다함께돌봄센터 이용자 선정기준 표..,2026.02.14. 23:13:55,답변완료,10010004,대구광역시 수성구,국민신문고
1AB-2602-0007741,돌봄서비스 통합 신청 제안&#x28;민원..,2026.02.21. 00:28:43,제안심사,10010002,보건복지부,국민신문고
1AB-2603-0001425,요양보호사 무자격자 가족돌봄 수당지급,2026.03.04. 08:00:20,답변완료,10010004,보건복지부,국민신문고
1AB-2603-0010828,어린 자녀가 중증 장애를 가진 부모님이나..,2026.03.25. 02:40:42,제안심사,10010002,보건복지부,국민신문고
1AB-2604-0000509,사전연명의료의향서 작성 시 돌봄 연계 ..,2026.04.02. 01:11:02,답변완료,10010004,보건복지부,국민신문고
1AB-2604-0001993,아침 돌봄 수당,2026.04.06. 15:28:06,답변완료,10010004,교육부,국민신문고
1AB-2604-0006689,독거노인과 위기가구 발견과 돌봄,2026.04.15. 15:15:17,답변완료,10010004,보건복지부,국민신문고
1AB-2604-0008351,돌봄 공백 해소를 위한 유아통합지원센터 ..,2026.04.19. 07:43:11,답변완료,10010004,교육부,국민신문고
1AB-2604-0010861,돌봄교실 과일간식 생분해성 용기 역회수 ..,2026.04.23. 17:16:07,답변완료,10010004,농림축산식품부,국민신문고
1AB-2605-0000339,서울시강서구우장산숲아이파크 초등학교 임시..,2026.05.02. 07:02:03,답변완료,10010004,서울특별시교육청,국민신문고
1AB-2605-0008611,방학 중 돌봄방과후 프로그램 운영 시간..,2026.05.20. 14:02:12,답변완료,10010004,충청남도교육청,국민신문고
1AB-2605-0008715,아침 돌봄수당 지급대상 확대 요청,2026.05.20. 16:16:48,답변완료,10010004,교육부,국민신문고
1AB-2605-0009528,심한 장애인에 대한 돌봄서비스를 제공하는..,2026.05.22. 07:29:31,답변완료,10010004,보건복지부,국민신문고
1AB-2605-0012246,영동군-대전 충남대병원 간 &apos;광..,2026.05.27. 23:59:02,제안심사,10010002,국토교통부,국민신문고
1AB-2606-0001072,애완견 공공기관 돌봄에 관한 제안,2026.06.02. 13:33:53,답변완료,10010004,농림축산식품부,국민신문고
1AB-2606-0005086,영유아 디지털 과의존 예방을 위한 「틈새..,2026.06.09. 23:23:17,답변완료,10010004,교육부,국민신문고
1AB-2606-0005945,요양보호사 처우 개선과 공공 돌봄체계 강..,2026.06.11. 15:49:28,제안심사,10010002,보건복지부,국민신문고
1AB-2606-0010464,도민 체감형 스마트 의료교통돌봄 융합..,2026.06.22. 13:44:03,제안심사,10010002,충청북도,국민신문고
1AB-2606-0012773,대한민국 생애말기 돌봄 정책 제안 ①호스..,2026.06.26. 21:34:09,답변완료,10010004,보건복지부,국민신문고
1AB-2606-0012774,대한민국 생애말기 돌봄 정책 제안 ②생애..,2026.06.26. 21:38:51,답변완료,10010004,보건복지부,국민신문고
1AB-2607-0001396,돌봄&#x28;케어&#x29;봉사시간 저..,2026.07.04. 07:49:59,답변완료,10010004,경기도 성남시,국민신문고
1AB-2607-0004188,수족구병독감 등 영유아 전염병 발생 시..,2026.07.10. 11:25:19,제안심사,10010002,고용노동부,국민신문고
1AB-2509-0008879,초등학교 돌봄에 관한여 ,2025.09.15. 10:43:51,답변완료,10010004,교육부,국민신문고
1AB-2511-0003452,춘천애온봄의 장애인 거주시설에 강원특별자..,2025.11.04. 10:09:36,답변완료,10010004,강원특별자치도 춘천시,국민신문고
1AB-2511-0008077,충청남도 24시간 상시 마을돌봄체계 구축..,2025.11.13. 10:35:57,답변완료,10010004,충청남도,국민신문고
1AB-2512-0022288,장애인에게 예상치 못한 상황으로 돌봄의 ..,2025.12.18. 14:46:21,답변완료,10010004,보건복지부,국민신문고
1AB-2512-0022350,초등 돌봄교실 학생 대상 급식 운영&#x..,2025.12.18. 15:20:54,답변완료,10010004,경상북도교육청,국민신문고
1AB-2512-0024613,장애아 형제 자매를 방학등 돌봄 공백기 ..,2025.12.24. 11:25:01,답변완료,10010004,교육부,국민신문고
1AB-2512-0026467,충청북도 장애인복지서비스에 발달장애인 긴..,2025.12.30. 05:38:52,제안실현,10010004,충청북도,국민신문고
1AB-2601-0002616,장애인 자녀 돌봄에 따른 지방공무원 복무..,2026.01.08. 15:00:38,답변완료,10010004,행정안전부,국민신문고
1AB-2602-0001383,"통합돌봄 시행 전, 국민연금공단의 장애인..",2026.02.04. 10:44:59,답변완료,10010004,보건복지부,국민신문고
1AB-2602-0002702,초등 3학년 방과후 &#x28;늘봄&#x..,2026.02.06. 16:14:22,답변완료,10010004,교육부,국민신문고
1AB-2603-0004965,창원시통합돌봄 조례 상정 보류에 깊은 ..,2026.03.12. 16:54:31,답변완료,10010004,경상남도 창원시,국민신문고
1AB-2603-0009636,중장년노인 고립예방 중심 부산 북구 ..,2026.03.23. 11:41:29,답변완료,10010004,부산광역시 북구,국민신문고
1AB-2603-0012243,폐교를 활용한 세대통합 돌봄배움 공동체..,2026.03.27. 10:08:16,제안심사,10010002,교육부,국민신문고
1AB-2604-0000856,통합돌봄제도,2026.04.02. 18:09:30,답변완료,10010004,보건복지부,국민신문고
1AB-2604-0002113,초등 방과후돌봄 시스템의 문제점에 따른..,2026.04.06. 18:03:02,답변완료,10010004,교육부,국민신문고
1AB-2604-0004747,장애인 활동지원제도 개선 방안 &#x28..,2026.04.11. 20:12:32,답변완료,10010004,보건복지부,국민신문고
1AB-2604-0006556,자원순환형 수직식물재배백을 활용한 고령자..,2026.04.15. 11:55:38,답변완료,10010004,농촌진흥청,국민신문고
1AB-2604-0009478,장애인유형별 장애등급과 돌봄등급 이원화 ..,2026.04.21. 13:37:54,답변완료,10010004,보건복지부,국민신문고
1AB-2605-0003590,최중증 발달장애인 통합돌봄서비스 제공기관..,2026.05.11. 09:17:54,제안심사,10010002,보건복지부,국민신문고
1AB-2605-0004733,장애아동 돌봄 공백 방지와 취업을 위한 ..,2026.05.13. 11:56:15,답변완료,10010004,중소벤처기업부,국민신문고
1AB-2605-0007567,통합돌봄 정책의 현장 실효성 강화를 위한..,2026.05.18. 19:23:57,답변완료,10010004,보건복지부,국민신문고
1AB-2605-0009017,전주시 청소년 정신과 병원 치료비 지원 ..,2026.05.21. 09:08:31,답변완료,10010004,전북특별자치도 전주시,국민신문고
1AB-2606-0001221,중증 발달장애 자녀 양육 지방공무원을 위..,2026.06.02. 17:00:43,제안심사,10010002,행정안전부,국민신문고
1AB-2606-0009828,재가 돌봄에 관한 정부지원비 개선요망,2026.06.20. 10:32:17,답변완료,10010004,보건복지부,국민신문고
1AB-2606-0011223,충북 교대부모 출근맞춤맵: 산업단지 통근..,2026.06.24. 09:25:23,제안심사,10010002,충청북도,국민신문고
1AB-2606-0011258,조부모 손자녀 돌봄 지원사업 지원대상 연..,2026.06.24. 10:04:10,답변완료,10010004,전남광주통합특별시 광양시,국민신문고
1AB-2606-0012685,초등학교 유휴 공간&#x28;옥상 등&#..,2026.06.26. 16:50:43,제안심사,10010002,교육부,국민신문고
1AB-2606-0013960,초등학교 학과-돌봄교실-방과후수업 연결 ..,2026.06.30. 11:45:11,제안심사,10010002,교육부,국민신문고
1AB-2607-0000786,지역의사제 정착 전 의료공백 대응을 위한..,2026.07.02. 18:08:28,제안심사,10010002,보건복지부,국민신문고
1AB-2607-0001033,충청북도 조부모 돌봄 수당 도입,2026.07.03. 11:56:18,답변완료,10010004,충청북도,국민신문고
1AB-2607-0001869,충북형 이주배경 아동 안심돌봄 브릿지: ..,2026.07.05. 19:09:51,제안심사,10010002,충청북도,국민신문고
1AB-2607-0002105,진주시 주약동 지역 초등 돌봄 사각지대 ..,2026.07.06. 11:22:37,제안심사,10010002,경상남도 진주시,국민신문고
1AB-2607-0002482,한부모가족복지시설 입소 아동에 대한 비입..,2026.07.07. 01:54:39,제안심사,10010002,성평등가족부,국민신문고
1AB-2607-0003125,"통합돌봄 시대, 방문간호제도의 연계 강화..",2026.07.08. 13:35:33,제안심사,10010002,보건복지부,국민신문고
1AB-2607-0006431,중구 민주공원 활용한 건강. 돌봄 시그널..,2026.07.15. 02:28:13,제안심사,10010002,부산광역시 해운대구,국민신문고
1AB-2607-0009686,지역 연계형 통합 돌봄사업 [든든한 방학..,2026.07.21. 15:46:57,제안심사,10010002,충청북도,국민신문고
1AB-2508-0009415,난임 지원금 관련 ,2025.08.14. 11:39:45,답변완료,10010004,보건복지부,국민신문고
1AB-2509-0015004,난임시술 지원 제안,2025.09.24. 16:29:57,답변완료,10010004,저출산고령사회위원회,국민신문고
1AB-2601-0000428,남성 난임 지원비 신설 요청합니다. ,2026.01.02. 14:44:11,답변완료,10010004,보건복지부,국민신문고
1AB-2601-0004973,난임지원 횟수 확대,2026.01.14. 11:23:40,답변완료,10010004,보건복지부,국민신문고
1AB-2601-0008247,난임 부부를 매출원으로 보는 산부인과의 ..,2026.01.22. 11:00:38,답변완료,10010004,건강보험심사평가원,국민신문고
1AB-2602-0003581,난임 치료 성과 기반 지원 체계 개선 방..,2026.02.09. 04:29:14,답변완료,10010004,보건복지부,국민신문고
1AB-2603-0004080,난임 부부 시술비 건강보험 적용 횟수 제..,2026.03.10. 18:54:40,답변완료,10010004,보건복지부,국민신문고
1AB-2603-0009833,"난임,고위험군 산모에대한 지원에대해 조금..",2026.03.23. 15:48:44,제안심사,10010002,보건복지부,국민신문고
1AB-2604-0000644,부산의료원 난임센터&#x28;배아생성의료..,2026.04.02. 11:53:56,답변완료,10010004,부산광역시,국민신문고
1AB-2604-0012243,남성 난임 진단 및 치료 지원 확대에 관..,2026.04.27. 19:16:43,답변완료,10010004,보건복지부,국민신문고
1AB-2606-0010485,난임 시술 지원 확대 및 건강보험 적용 ..,2026.06.22. 13:59:21,제안심사,10010002,보건복지부,국민신문고
1AB-2606-0013667,비폐쇄성 남성난임 환자의 마이크로 TES..,2026.06.29. 18:15:37,제안심사,10010002,보건복지부,국민신문고
1AB-2511-0007449,부모교육의 필요성과 부모급여 제도 개선 제안,2025.11.12. 10:36:34,답변완료,10010004,보건복지부,국민신문고
1AB-2604-0012202,출생신고 데이터 연동을 통한 &apos;..,2026.04.27. 16:38:04,답변완료,10010004,보건복지부,국민신문고
1AB-2607-0004258,해외 장기거주자의 아동수당부모급여 지급..,2026.07.10. 12:43:53,답변완료,10010004,보건복지부,국민신문고
1AB-2508-0007463,출생률 및 아동수당 관련하여,2025.08.12. 09:37:07,답변완료,10010004,보건복지부,국민신문고
1AB-2508-0018465,아동수당 지급나이 변경요청 제안,2025.08.29. 20:00:22,답변완료,10010004,보건복지부,국민신문고
1AB-2509-0007136,아동수당 단계적 확대에 대한 연령 보완방..,2025.09.11. 16:39:08,답변완료,10010004,보건복지부,국민신문고
1AB-2511-0003639,2026년 정부예산안에 따른 아동수당 지..,2025.11.04. 14:02:00,답변완료,10010004,보건복지부,국민신문고
1AB-2601-0007716,"인구 소멸 시대, 재외국민 포용을 위한 ..",2026.01.21. 11:48:43,답변완료,10010004,법무부,국민신문고
1AB-2603-0000572,아동수당 지급확대 개선,2026.03.02. 10:34:42,답변완료,10010004,보건복지부,국민신문고
1AB-2603-0000697,아동수당 연령 상한.2016/15/14년생,2026.03.02. 15:46:42,답변완료,10010004,보건복지부,국민신문고
1AB-2603-0001874,아동수당 연령 확대 시 초등학교 6학년부..,2026.03.05. 00:04:51,답변완료,10010004,보건복지부,국민신문고
1AB-2603-0008450,2026년 아동수당 확대 지원에 대한 제..,2026.03.20. 00:27:07,답변완료,10010004,보건복지부,국민신문고
1AB-2603-0009340,아동수당 확대 방법에 대한 현실적 제안,2026.03.22. 15:17:49,답변완료,10010004,보건복지부,국민신문고
1AB-2512-0025680,[정책 건의서] 직장 내 괴롭힘채용차별..,2025.12.28. 01:58:11,제안심사,10010002,고용노동부,국민신문고
1AB-2509-0004904,위장 미혼모에 대한 제도 악용 방지 대책..,2025.09.07. 22:53:18,답변완료,10010004,여성가족부,국민신문고
1AB-2512-0018458,명칭 변경 미혼모/부 아닌 비혼모/부로 ..,2025.12.09. 17:21:02,답변완료,10010004,성평등가족부,국민신문고
1AB-2602-0008289,「미혼모 정책」에서 「위기신생아 보호 정..,2026.02.22. 17:19:26,답변완료,10010004,성평등가족부,국민신문고
1AB-2507-0016234,쌍둥이  한부모가족의 우선순위 입소 개선,2025.07.25. 11:11:19,답변완료,10010004,교육부,국민신문고
1AB-2511-0006863,쌍둥이 유치원 우선모집시 개별 추첨으로 ..,2025.11.11. 10:30:41,답변완료,10010004,교육부,국민신문고
1AB-2602-0002083,쌍둥이 가계의 외벌이 고충 해결을 위한 ..,2026.02.05. 13:16:27,답변완료,10010004,저출산고령사회위원회,국민신문고
1AB-2508-0000559,버스 유모차 탑승,2025.08.01. 15:14:36,답변완료,10010004,울산광역시,국민신문고
1AB-2508-0009729,유모차의 어르신보행기로 이용제안,2025.08.14. 16:32:26,답변완료,10010004,경상북도 울진군,국민신문고
1AB-2508-0016764,열린도림길 휠체어와유모차 통행.,2025.08.27. 11:47:11,답변완료,10010004,서울특별시 구로구,국민신문고
1AB-2509-0005573,서울 시장님 서울역에서 4호선 엘레베이터..,2025.09.09. 07:24:13,답변완료,10010004,서울특별시,국민신문고
1AB-2603-0000652,"청령포에 장애인 전동휠체어, 어르신 보행..",2026.03.02. 14:25:53,답변완료,10010004,강원특별자치도 영월군,국민신문고
1AB-2606-0004834,어르신 유모차 이동시 교통 안전을 위한 ..,2026.06.09. 16:31:24,답변완료,10010004,전라남도 완도군,국민신문고
