제안ID,제안제목,제안본문내용,등록일자,연도,공감수,댓글수,답변여부,원문URL,대분류,중분류,소분류,분류근거_키워드,분류신뢰도,출산양육관련여부,수집키워드,수집방식,제외사유,웹크롤링_상세본문,크롤링상태,보정필터_소스
PROP-202344,유아숲체험원 운영 용역사업 평가 개선 건의문,유아숲체험원 운영 용역사업 평가 개선 건의문,2026-07-08,2026,1.0,0,N,https://idea.seoul.go.kr/front/freeSuggest/view.do?sn=202344,정보·상담·교육·거버넌스,정보 접근성,일반 출산정책 안건,영유아,상,직접관련,교육·프로그램: 체험 + 유아,기존 1차 직접키워드 수집,,"“
유아숲체험원 운영 용역사업의 제안 평가는
영유아를 대상으로 하는
“
특정 대상
”
인 것 만큼
,
‘
잘 만든 제안서
’
가 아니라
,
영유아의 발달 특성과 안전을 실제 구현할 수 있는
열심하는 유아숲지도사의 숲 현장 노력과
전문성 중심
으로
재편되어야 합니다
.”",웹크롤링 성공,검증용137_웹본문포함
PROP-202191,지역아동센터앞 교통안전을 위해서 붉은색으로 도로 안전구역 표시 부탁드립니다.,지역아동센터앞 교통안전을 위해서 붉은색으로 도로 안전구역 표시 부탁드립니다.,2026-06-17,2026,0.0,0,N,https://idea.seoul.go.kr/front/freeSuggest/view.do?sn=202191,보육·돌봄 인프라,초등돌봄,초등돌봄·방과후,어린이집,상,직접관련,아동_안전환경: 안전 + 아동,기존 1차 직접키워드 수집,,"안녕하세요.방과후교실에서 2026년 3월에 지역아동센터로 전환된 영성지역 아동센터 입니다.
도로가 급경사를 이룬곳도 많으며 이동 차량도 많습니다.
또한 우리센터 기준으로 100m 아래로 어린이집, 100m위쪽으로 청운복지관 노인시설,아동시설이 위치해 있습니다.
현재 도로에는 30km과 방지턱이 있으나 운전자들이 인지하기엔 다소 미흡니다.
그리고 주택가 인근이라서 주차된 차량으로 많이 표지판등이 가리워 졌습니다.그래서 6월초경 저희 센터 앞쪽에서 아동이
반대편쪽 엄마를 보고 톡 튀어 나가 사고가 났다는 소식을 들어, 우리에게도 일어날수 있다는 생각이 들어 아이들의 안전를 위해 서울시에서 도로에어린이 안전구역임을 표지해 주시기를 간절히 요청 합니다.꼭 부탁드립니다.",웹크롤링 성공,검증용137_웹본문포함
PROP-201853,강남구보건소 예방접종 프로그램을  다른구 보건소에서 진행하게 해주세요,강남구보건소 예방접종 프로그램을  다른구 보건소에서 진행하게 해주세요,2026-04-17,2026,0.0,0,N,https://idea.seoul.go.kr/front/freeSuggest/view.do?sn=201853,보육·돌봄 인프라,아동 건강·의료 접근성,소아응급·야간진료·영유아검진,예방접종,상,직접관련,예방접종,확장 1차 생활키워드 수집,,"서울시에서 운영하는 다양한 시민 참여 정책에 감사드립니다.
저는 현재 강남구보건소에서 운영 중인 예방접종 관리 프로그램이 시민들에게 매우 유용한 서비스라고 생각합니다.  접종 안전성 측면에서 많은 도움이 되고 있어, 이러한 시스템이 다른구 보건소에도  확대되면 좋겠다는 생각이 들어 제안을 드립니다.
저는 오접종 경헙이 있었던 사람으로서. 강남구보건소에서 시행 중인 접종전에 확실하게 사고를 방지 할수 있고 체계적으로 관리할 수 있는 시스템이 서울 전역으로 확대된다면, 접종 오류를 줄이고 시민들의 신뢰를 높이는 데 큰 도움이 될 것으로 기대됩니다.
자치구별로 시민에서 제공하는 서비스가 틀리다는 부분이 좀 이해가 안가는 부분도 있습니다만
타 자치구에서도 충분히 도입 가능하다고 생각하며, 서울시 차원에서 검토해 주시기를 요청드립니다.
시민의 건강과 안전을 위한 정책에 항상 힘써주셔서 감사드리며, 본 제안이 긍정적으로 검토되기를 바랍니다.
감사합니다.",웹크롤링 성공,검증용137_웹본문포함
PROP-201610,[시민규제발굴단] 남자화장실에도 기저귀갈이대가 필요합니다.,[시민규제발굴단] 남자화장실에도 기저귀갈이대가 필요합니다.,2026-03-08,2026,2.0,0,N,https://idea.seoul.go.kr/front/freeSuggest/view.do?sn=201610,보육·돌봄 인프라,아동 놀이·체험공간,공공키즈카페·수유실·유아휴게실,육아,상,직접관련,기저귀갈이대,기존 1차 직접키워드 수집,,"여자화장실에는 접이식 기저귀 갈이대가 있습니다.
남자화장실에는 기저귀 갈이대가 없습니다.
현시대에는 엄마, 아빠 함께 육아를 하기 때문에
우유를 먹이거나 기저귀 가는 일에 아빠도 함께합니다.
그런데 현재 남자화장실에는 기저귀 갈이대가 없습니다.
아빠 혼자 육아를 하는 경우가 많아졌습니다.
남자화장실에도 기저귀갈이대가 설치되길 바랍니다.
여아를 남자화장실에서 기저귀 갈아주기는 조금 불편하므로 유아와 아빠와 함께 사용하는
화장실을 만들고
그 안에 접이식 기저귀 갈이대를
설치되길 바랍니다.
화장실 중에는 부모와 유아가 함께 사용하는 조금 큰 화장실이 있습니다.
아래 시군구 선택을 전체도 만들어주세요.",웹크롤링 성공,검증용137_웹본문포함
PROP-201599,서울형키즈카페 연령제한 형제자매 제한없이 들어갈수있게해주세요,서울형키즈카페 연령제한 형제자매 제한없이 들어갈수있게해주세요,2026-03-06,2026,1.0,0,N,https://idea.seoul.go.kr/front/freeSuggest/view.do?sn=201599,보육·돌봄 인프라,아동 놀이·체험공간,공공키즈카페·수유실·유아휴게실,서울형키즈카페,상,직접관련,서울형키즈카페,확장 1차 생활키워드 수집,,서울형키즈카페 형제자매 동시들어걀수있게 부탁드립니다.예를들어사당2동 서울형키즈카페의경우  21년생 들어가면 19년생도 동시 입장할수있게 부탁드립니다.,웹크롤링 성공,검증용137_웹본문포함
PROP-201543,[시민규제발굴단] 초등 긴급·일시돌봄 ‘사전등록제’ 폐지 또는 간소화,[시민규제발굴단] 초등 긴급·일시돌봄 ‘사전등록제’ 폐지 또는 간소화,2026-02-20,2026,2.0,0,N,https://idea.seoul.go.kr/front/freeSuggest/view.do?sn=201543,보육·돌봄 인프라,가족돌봄,아이돌봄·조부모돌봄,일시돌봄,상,직접관련,일시돌봄,확장 1차 생활키워드 수집,,"1. 문제
- 긴급 상황인데도
사전회원 등록·서류 제출
을 먼저 요구
- 갑작스런 야근·질병·경조사 시 이용 어려움
2. 개선 제안
- 긴급일시돌봄은
사후 서류 제출 허용
- 보호자 신분 확인 후 즉시 이용 가능하도록 절차 단순화
- 서울시 통합 인증(서울시민 인증)으로 자동 연계",웹크롤링 성공,검증용137_웹본문포함
PROP-201476,어린이 보호구역 이륜차 무단 주차 방지를 위한 종합 관리 방안,어린이 보호구역 이륜차 무단 주차 방지를 위한 종합 관리 방안,2026-02-06,2026,4.0,0,N,https://idea.seoul.go.kr/front/freeSuggest/view.do?sn=201476,보육·돌봄 인프라,어린이집·유치원,보육시설·유아교육,유치원,상,직접관련,아동_안전환경: 보호구역 + 어린이,기존 1차 직접키워드 수집,,"본 제안은
어린이 보호구역(스쿨존) 인근 보도 및 이면도로에 배달 오토바이와 자전거 등 이륜차가 무분별하게 주차되어 있어 아동의 보행 안전이 심각하게 위협받고 있는 문제를 개선하고자 함
. 실제로 성동구 경동초등학교 앞과 강동구 유정유치원 앞 어린이 보호구역 등에서 유사한 문제가 지속적으로 발생하고 있음.
이에 대한 개선 방안으로
무단 방치 행위가 3회 적발될 경우 이용자에게 과태료를 부과하고 서울시 내 공유 기기 이용을 영구 제한하는 ‘이용자 3OUT 제도’를 도입함
으로써 이용자 책임을 강화하고자 함. 또한
시민이 직접 방치된 기기를 지정 주차 구역으로 이동할 경우 건당 보상금(서울페이 등)을 지급하는 시민 참여형 견인 제도를 도입함
으로써, 행정 인력이 미치기 어려운 골목 지역까지 실시간 정비가 가능하도록 함. 아울러
해당 내용을 공유 기기 업체와의 협약 및 서울시 조례에 명문화하여 업체의 이용자 관리 책임을 강화하고 시민 참여형 정비가 가능하도록 행정적 기반을 마련함
.
이를 통해
어린이 보호구역 내 보행 안전을 확보하고 도시 미관을 개선할 수 있을 것으로 기대됨
. 더불어
시민 참여를 통해 한정된 단속 인력을 보완함으로써 행정 비용을 절감하고, 지역 내 소득 창출과 선진적인 주차 문화 정착에 기여할 수 있을 것으로 판단됨
.",웹크롤링 성공,검증용137_웹본문포함
PROP-201294,서울형키즈카페 서울 생활권자 이용권한 확대,서울형키즈카페 서울 생활권자 이용권한 확대,2026-01-17,2026,1.0,0,N,https://idea.seoul.go.kr/front/freeSuggest/view.do?sn=201294,보육·돌봄 인프라,아동 놀이·체험공간,공공키즈카페·수유실·유아휴게실,"육아, 유치원, 다자녀",상,직접관련,서울형키즈카페,기존 1차 직접키워드 수집,,"서울형키즈카페를 서울 생활권자 다자녀가족도 무료로 이용할 수 있도록 개선 부탁드립니다.
서울생활권자는 사실상:
？ 아이 유치원·학교 서울
？ 부모 직장 서울
？ 소비·교통·병원·문화생활 전부 서울
？ 서울 혼잡·비용·육아환경 부담 똑같이 감당
그런데도
？ 주소지 한 줄 때문에
？ 다자녀여도
？ 무료 혜택 제외
？？ 부담은 같이 지는데, 혜택만 못 받는 구조
이게 억울한 포인트예요.
솔직한 결론
？ 공정하지 않음
？ 육아 현실을 반영하지 못함
？ 다자녀 정책 취지에도 어긋남",웹크롤링 성공,검증용137_웹본문포함
PROP-201182,장위동에 서울형키즈카페 개설 건의합니다.,장위동에 서울형키즈카페 개설 건의합니다.,2026-01-09,2026,57.0,1,Y,https://idea.seoul.go.kr/front/freeSuggest/view.do?sn=201182,보육·돌봄 인프라,아동 놀이·체험공간,공공키즈카페·수유실·유아휴게실,육아,상,직접관련,서울형키즈카페,기존 1차 직접키워드 수집,,"장위1동에 있던 작은 육아공간마저 사라지고 장위동 일대에 서울형 키즈카페가 아예 없어 장위동 아이들은 자차나 버스를 타고 다른 동이나 구로 이동하여 서울형 키즈카페를 가야하는 불편 함이 있습니다.
장위동 일대에 많은 아파트가 들어서고 들어설 예정이니 많은 아이들이 찾을수 있는 서울형 키즈카페를 만들어 주셨으면 좋겠습니다.",웹크롤링 성공,검증용137_웹본문포함
PROP-201155,종로구 서울형키즈카페,종로구 서울형키즈카페,2026-01-04,2026,0.0,0,N,https://idea.seoul.go.kr/front/freeSuggest/view.do?sn=201155,보육·돌봄 인프라,아동 놀이·체험공간,공공키즈카페·수유실·유아휴게실,서울형키즈카페,상,직접관련,서울형키즈카페,확장 1차 생활키워드 수집,,"종로구는 혜명 놀이터만 있는데
연령이 높아 다른 지역에 비해 이용이 불편한거 같습니다. 요즘 지역별로 멋지게 많이 짓던데 종로구도 하나 생겼으면 좋겠습니다~^^",웹크롤링 성공,검증용137_웹본문포함
PROP-200754,서울형키즈카페,서울형키즈카페,2025-10-30,2025,3.0,0,N,https://idea.seoul.go.kr/front/freeSuggest/view.do?sn=200754,보육·돌봄 인프라,아동 놀이·체험공간,공공키즈카페·수유실·유아휴게실,서울형키즈카페,상,직접관련,서울형키즈카페,확장 1차 생활키워드 수집,,"서울형 키즈카페 너무 만족스럽습니다
요즘 조금씩 더 많은지역에 생기는것 같은데
천왕역(7호선) 근처에도 하나 만들어주세요
이용할 사람 은근 많아요",웹크롤링 성공,검증용137_웹본문포함
PROP-200525,아이들이 등하교를 안전하게 다닐 수 있도록 개정이 필요합니다.,아이들이 등하교를 안전하게 다닐 수 있도록 개정이 필요합니다.,2025-09-26,2025,106.0,1,Y,https://idea.seoul.go.kr/front/freeSuggest/view.do?sn=200525,출산·산후 초기지원,출산가구 초기지원,출산지원금·출생축하,"출산, 유치원",상,직접관련,아동_안전환경: 안전 + 아이,기존 1차 직접키워드 수집,,"서울 강서구 화곡동에 위치한 우장산 숲 아이파크에 거주 하는 주민입니다. 현재 이 아파트의 초등학교 배정 학교는 화곡초등학교입니다.
이 학교는 현재 공사 중이라 당분 간 신월초등학교로 이전하여 학업 중에 있는 것으로 알고 있습니다.
문제는 아파트에서 화곡초로 가기 위해서는 차량이 지나가는 좁은 골목길을 지나 화곡로라는 큰 길을 건너 다시 차량이 지나가는 골목길로 더 들어가야 학교 정문이 나옵니다.
이러한 동선은 아이들이 안전하게 등하교를 할수 없는 매우 위험한 상황이라고 보입니다. 특히 빠른 배달 처리를 위해 쌩쌩 달리는 오토바이 기사들을 볼 때면 불안과 우려가 증폭 시킬 뿐더러 더욱이 신월초는 강서로와 화곡로 두 큰 길을 건너가야 되고 화곡역 번화가와 가까워 아이들의 정서에 이롭지 못한 분위기가 있습니다.
또한 강서힐스테이트 134동 앞 게이트에서 우장초등학교 정문까지 500m정도 밖에 안되는데 셔틀버스타고 다니는 반면 우장산숲아이파크 후문에서 화곡초등학교 정문까지 600m가 넘어가고 신월초등학교 정문까지 900m가 넘는데도 걸어서 등하교를 해야하는 형평성 부분에서 문제가 발생하고 있습니다.
이러한 점을 감안하여 배정 문제에 대한 해결이 필요해 보입니다.
개선 방안을 3가지로 만들 수 있습니다.
1. 셔틀버스가 다니는 우장초등학교로 배정학교를 변경한다.
2. 신월초나 화곡초에 셔틀버스를 운행한다.
3. 현재 오랫동안 공실 중인 윤희유치원 건물을 화곡초 분교로 만든다.
윤희유치원 건물은 사유지이긴 하나 오랬동안 공실로 방치하고 있어 사용하는 방안에 대해 건물주와 협의는 충분히 만들어 낼수 있지 않을까 봅니다.
현 정부에 들어 중대재해처벌법으로 근로자들의 안전을 강화하는 조치가 시행 되는 사례가 생겨나고 있습니다. 반면 저출산으로 인해 아이들의 귀해지는 현 시대에 무관심으로 일관하는지 모르겠습니다.
심지어 작년에 도로 폭, 단지와 학교, 차선 갯수 횡단보도 건너는 횟수까지 적어서 민원 넣었는데 돌아온 답변은 8차선 도로 2번 건너는게 2차선 도로 1번 건너는것 보다 안전하다는 답변을 받은
사례도 있습니다.
어린 생명이 위협받는 중대한 사안에 대해 이러한 시대착오적인 잘못된 고정관념으로 인해 요청을 거부하거나 단순하게 처리하는 일이 있어서는 절대 안됩니다.
아이들이 차량이 지나가는 좁은 골목길을 걷고 큰 길을 횡단하지 않는 방향으로 맞벌이를 하는 부모님이 고생하면서 픽하지 않고 안심하게 혼자서 안전한 등하교를 할수 있는 그런 개정이 절실히 필요하며 첨부파일을 첨부하오니 확인하시고 서울시 교육청과 함께 실사를 진행해 빠르게 추진해주시면 좋겠습니다.",웹크롤링 성공,검증용137_웹본문포함
PROP-200421,[시민규제발굴단] 청약시 자녀수에 대한 가산점 확대,[시민규제발굴단] 청약시 자녀수에 대한 가산점 확대,2025-09-18,2025,1.0,1,N,https://idea.seoul.go.kr/front/freeSuggest/view.do?sn=200421,주거·교통·도시생활환경,출산가구 주거,신혼부부·출산가구 주거지원,영유아,상,직접관련,주거·대출: 청약 + 자녀,기존 1차 직접키워드 수집,,"청약시 영유아 자녀에 한해 가산점을 주고 있으나 영유아에 대한 가산점처럼  자녀수에 대한 가산점이 확대 되었으면 합니다.
예)자녀당 +5가 아니라
1자녀시 5점,  2자녀시 10+5점, 3자녀시 15+10 점 같이 자녀수에 따른 청약시 가산점이 큰폭으로 늘어나가는 것을 제안하고 싶습니다.",웹크롤링 성공,검증용137_웹본문포함
PROP-200141,서울형키즈카페 이용연령 확장부탁,서울형키즈카페 이용연령 확장부탁,2025-08-06,2025,2.0,0,N,https://idea.seoul.go.kr/front/freeSuggest/view.do?sn=200141,임신·난임·생식건강,임산부 건강·배려,임산부 건강관리·배려,"임신, 어린이집",상,직접관련,서울형키즈카페,기존 1차 직접키워드 수집,,"서울형키즈카페를 잘 이용하고있는 아기엄마 입니다~
안전상의 문제로 키즈카페에 연령제한이 있는걸로 알고있는데요,
3세 이상부터 가능한 키즈카페는 보통 오전에는 아이들이 어린이집에 가서 카페에 잘 없는것 같더라구요.
집 바로앞에 보라매공원 서울형키즈카페가 새로 오픈했는데 보니까 3세 이상이여서
17개월인 우리아기는 가까워도 이용을 못해서 좀 아쉽더라고요. 둘째 임신중이라 멀리 나가기가 힘들어서 가까운데 생겨 좋았는데, 큰 아이들이 어린이집에 가있는 오전시간에만이라도 서울형키즈카페를 사용할수있게 요청드리고 싶습니다.",웹크롤링 성공,검증용137_웹본문포함
PROP-200103,가정내 돌봄종사자 무료예방접종,가정내 돌봄종사자 무료예방접종,2025-07-28,2025,69.0,3,Y,https://idea.seoul.go.kr/front/freeSuggest/view.do?sn=200103,임신·난임·생식건강,임산부 건강·배려,임산부 건강관리·배려,"임산부, 산후, 신생아",상,직접관련,예방접종,기존 1차 직접키워드 수집,,"서울형가사서비스 종사자입니다.
지난 7월 3일 영등포구의 ""이주 노동자 생수나눔 & 좋은돌봄 캠페인""에서 만난 가사노동자분께서 지난 6월에 영등포구의 돌봄종사자를 위해 백일해 무료예방접종을 실시하였다는 말을 들었습니다.
서울형가사서비스는 임산부, 신생아, 18세이하 청소년가정에 가사스비스를 하는 일로 가족구성원과 직접 대면하기 때문에 만약 가사관리사가 약간의 기침만 해도 부모들은 불편해하고 서비스받기를 꺼려합니다.
또한 가사노동자들 대부분은 경제적으로 여유가 없고, 고령의 노동자가라 취약한 건강조건을 가지고 있어서 독감등 호흡기 질환에 쉽게 노출되기도합니다.
가정내 돌봄종사자 (가사관리사, 장애인활동지원사, 아이돌보미, 산후관리사, 생활지원사, 요양보호사 등)에게 독감, 백일해등 유행성 전염병에 대한 무료 예방접종을 희망합니다.
가정내 돌봄 지원시 최우선 시행되어야 하는 일이라고 생각합니다.",웹크롤링 성공,검증용137_웹본문포함
PROP-199817,도로상 어린이보호구역 내 사고율 저하를 위한 제안 드립니다.,도로상 어린이보호구역 내 사고율 저하를 위한 제안 드립니다.,2025-06-23,2025,2.0,0,N,https://idea.seoul.go.kr/front/freeSuggest/view.do?sn=199817,출산·산후 초기지원,출산가구 초기지원,출산지원금·출생축하,"출산, 어린이집, 유치원",상,직접관련,아동_안전환경: 보호구역 + 어린이,기존 1차 직접키워드 수집,,"안녕하세요.
서울 시민 중 한 사람이자 한 아이의 아빠 입니다.
길을 지나다니다 보면 어린이 보호 구역 내지는 노인 보호 구역 등에서
30km/h 또는 50km/h의 속도 제한이 있긴 하지만 이 또한 카메라 단속 구간에서만
규정 속도를 지키고 그 외 구간에서는 속도를 내는 일부 몰지각한 사람들이 더러 있습니다.
또한 학교나 어린이집/유치원 등의 뒷골목 등의 좁은 길에는 단속 카메라 마저 없습니다.
이런 곳에서 부주의 하게 과속 하는 운전자들을 많이 보게 됩니다.
특히 택배와 배달이 난무하는 대한민국 서울특별시 에서는 더더욱 많이 보입니다.
특정 구간에만 설치되어 있는 단속 카메라로 이들을 말리기엔 부족해 보입니다.
차라리 공사 구간 또는 고속도로 터널 진출입로 등 처럼 바닥을 오목 하게 교차하여 파던지
-> [凹凹凹凹凹凹凹凹凹凹(오목 요) 형태]
그게 아니라면 과속방지턱을 현 형태의 큰 모양이 아니라 작은 돌기 형태로 구간 내에 길게 설치 하여
속도를 내어 달리면 차량이 심하게 흔들거리게 되어 속도를 내기가 힘들게 만들어 버리는 게 어떨까 합니다.
-> [△△△△△△△△△△(볼록 철) 형태]
(-볼록 철 자가 금칙어 요건에 들어가서 등록이 안되네요...손가락 욕 같아서 인가요...)
아이를 키우고 있는 입장에서 저출산 때문에 문제가 커지고 있는 대한민국의 현재라면
비용이 문제가 되어서 못하는 부분은 아니라고 생각이 됩니다.
부디 아이디어를 적극 활용 해주셔서 대한민국의 미래인 아이들이
좀 더 살기 좋고 좀 더 건강하게 자랄 수 있도록 해주세요.
피해를 입는 아이들이 여러분들의 아이이자 가족 일수도 있고 핏줄 일수도 있습니다.
보다 나은 대한민국을 위해 간곡히 부탁 드립니다.
긴 글 읽어 주셔서 감사합니다.",웹크롤링 성공,검증용137_웹본문포함
PROP-199768,서울형키즈카페 양말판매 건의,서울형키즈카페 양말판매 건의,2025-06-15,2025,2.0,0,N,https://idea.seoul.go.kr/front/freeSuggest/view.do?sn=199768,보육·돌봄 인프라,아동 놀이·체험공간,공공키즈카페·수유실·유아휴게실,서울형키즈카페,상,직접관련,서울형키즈카페,확장 1차 생활키워드 수집,,"서울형키즈카페를 자주 이용하는 아이엄마입니다. 날씨가 더워지면서 양말 착용없이 서울형키즈카페를 오시는 보호자들이 많이 보이는데요. 양말착용의무에 대해 잘 모르시는 거 같기도하고. 주변에 양말 구입할 곳이 없기도 하고. 이미 키즈카페 입구까지 온 상황에서 보호자와 직원들 모두 난감한 듯한 상황을 여러번 보았습니다. 키즈카페에서 구비해둔 아이들 임시슬리퍼 같은 걸 대여해주는 것을 본적이 있는데요. 보호자들은 실내슬리퍼를 빌려주시는 거 같더라고요.
키즈카페 내 위생 및 양말 착용에 주의를 가질 수 있도록 소정의 금액(천원정도)을 받고 양말을 판매하시는 건 어떤지 건의드립니다. 그러면 키즈카페 내 직원들도 양말없이 방문한 가족에게 양말 착용의무에 대해 재설명하고 양말을 현장서 구입해 신고 입장할 수 있도록 하는는 게 좋을 거 같다는 생각이 듭니다.",웹크롤링 성공,검증용137_웹본문포함
PROP-199452,서울형키즈카페,서울형키즈카페,2025-04-28,2025,0.0,0,N,https://idea.seoul.go.kr/front/freeSuggest/view.do?sn=199452,보육·돌봄 인프라,아동 놀이·체험공간,공공키즈카페·수유실·유아휴게실,서울형키즈카페,상,직접관련,서울형키즈카페,확장 1차 생활키워드 수집,,공휴일이나 임시공휴일도 운영하면 좋겠습니다.,웹크롤링 성공,검증용137_웹본문포함
PROP-199153,어린이 차량갇힘사고 예방 등을 위한 이동형 안전체험버스 제작,어린이 차량갇힘사고 예방 등을 위한 이동형 안전체험버스 제작,2025-04-05,2025,1.0,0,N,https://idea.seoul.go.kr/front/freeSuggest/view.do?sn=199153,보육·돌봄 인프라,어린이집·유치원,보육시설·유아교육,어린이집,상,직접관련,아동_안전환경: 안전 + 어린이,기존 1차 직접키워드 수집,,"현황 및 문제점
교육이 가장 필요한 어린이들이 체험관에 직접 방문하여 이용하기는 어려우니
체험교육장비가 장착된 이동형 안전체험버스를 제작하여 어린이집으로 직접 방문하여 어린이들이 안전교육을 받을 수 있게 되면 안전사고를 더 효과적으로 예방할 수 있을 것 같음
또한 교육시설은 전 연령이 함께 이용할 수 있도록 제작하기 보다는 차량 내 갇힘사고 시 대응요령 등 어린이들에게 특화된 안전체험으로 제작하였으면 좋겠음
개선방안
이동형 안전체험버스 제작 및 운영
- 차량 내 체험장비 : 어린이가 차량에 갇혔을 때 행동요령 체험공간, 화재 및 전기 안전 등 체험공간, 영상교육장치 등
(그 외 어린이에게 특화된 체험공간)
기대효과
공간에 제약을 받지 않고 교육을 받을 수 있어 이동이 어려운 안전취약계층의 위급상황 대처능력 제고",웹크롤링 성공,검증용137_웹본문포함
PROP-199043,따릉이를 만 13세 미만 어린이가 이용할 때 안전 보호 책임자 변경,따릉이를 만 13세 미만 어린이가 이용할 때 안전 보호 책임자 변경,2025-03-29,2025,1.0,0,N,https://idea.seoul.go.kr/front/freeSuggest/view.do?sn=199043,정보·상담·교육·거버넌스,정보 접근성,정보통합·상담·신청,아동_안전환경: 안전 + 부모,중,조합관련,아동_안전환경: 안전 + 어린이,2차 문맥조합 수집,,"현황 및 문제점
---
‘가족 인증’의 목적은 보호자에게 어린이 안전 보호 책임을 부여하는 데 있습니다. 법적, 정서적으로 밀접한 부모가 어린이 안전모 착용, 자전거 이상점검 등의 지도감독 의무를 성실히 이행할 것이라고 판단하여 보호자의 범위를 부모로 한정한 점 이해하여 주시기 바랍니다.
---
다만 부모 중에 법적으로 어린이 안전 보호 책임을 부여를 못하는 사람들도 있습니다.
또한 부모가 아닌 아이의 후견인은 법적으로 어린이 안전 보호 책임을 질 수 있지만 후견인의 책임으로 따릉이를 대여할 수 없습니다.
개선방안
1. 행정안전부의 실시간정보유통시스템을 활용하여 부모의 후견등기사항부존재증명서(전체)를 발급하여 각각의 부모에 대한 후견인이 존재하지 않는 사람만 어린이 안전 보호 책임을 부여를 할 수 있도록 합니다.
2. 대상 어린이의 후견등기사항증명서(현재)를 조회하여 이 어린이의 후견인이 따릉이를 대여할 수 있도록 합니다.
기대효과
1. 자격이 없는 부모는 따릉이에 대한 어린이 안전 보호 책임자가 되지 않도록 합니다.
2. 자격있는 후견인이 따릉이에 대한 어린이 안전 보호 책임자가 될 수 있습니다.",웹크롤링 성공,검증용137_웹본문포함
PROP-198861,아이들.청소년을위한공간들,아이들.청소년을위한공간들,2025-03-22,2025,5.0,0,N,https://idea.seoul.go.kr/front/freeSuggest/view.do?sn=198861,취약·다양가족 사각지대,한부모·위기임산부,한부모·미혼부모·위기임산부,한부모,상,직접관련,공간·편의시설: 공간 + 아이,기존 1차 직접키워드 수집,,"안녕하세요.어린이들과 청소년을위한 공간..
난나..청소년센터에대해 규제철폐를 요청합니다
한부모.저소득아이들을위해 저렴하게..혹은 무상으로 아이들운동과 예술분야늘 배울수있는 좋은공간이라고생각하는데요..초1부터 여러가지배울수 있다는 장점이있는반면 혜택을받으려면 만9세가 넘어야한다는데..3학년이지만  12월생인 아이들은 만9세가 되지않는다는 이유로 혜택을못받고 전액수강료를 지급해야만 된다는데요..초1..학교를 다니고있다면 혜택을받을수있게 규제를 바꿔주시길바랍니다",웹크롤링 성공,검증용137_웹본문포함
PROP-198713,마포구 대흥로20안길 어린이 보호구역 및 일방통행  지정 제안,마포구 대흥로20안길 어린이 보호구역 및 일방통행  지정 제안,2025-03-16,2025,102.0,5,Y,https://idea.seoul.go.kr/front/freeSuggest/view.do?sn=198713,일·가정 양립·부모 노동,유연근무·재택근무,부모 노동시간·돌봄 병행,"부모_노동시간: 출근 + 부모, 아동_안전환경: 안전/보호구역 + 부모",중,조합관련,아동_안전환경: 보호구역 + 어린이,2차 문맥조합 수집,,"안녕하세요. 노고가 많으십니다.
첫번째로 마포구의 용강초등학교 등굣길을 개선 제안하고자 글을 올립니다.
학교로 진입하는 길 중 백범로17길과 대흥로20안길이 있는데 백범로17길은 어린이 보호구역으로 지정이 되어 있고 대흥로 20안길은 지정이 안되어 있어. 학교로 등교하는 모든 길이 안전한 등굣길로 개선되고자 제안을 합니다.
똑같이 학교로 진입하는 길인데 차별을 두는건 안된다고 생각합니다. 어린이의 안전에는 차별이 없습니다.
두번째로는  백범로17길은 어린이 안전구역이다 보니 불법주차가 거의 없는데 대흥로 20안길은 불법 주차로 아이들 등교와 출근하는 차와 맞물려 위험에 노출된 상태에서 불법 주차된 차량들로 좁은길이 더 좁아져 위험성이 더 높습니다.
더군다나 양방향으로 차량이 다닐 수 있다보니 양쪽에서 챠랑이 오면 차는 물론이고 아이들 및 어른들도 어디로 피해야 할지 모르는 상황이 올 때가 많습니다. 이에 어린이 보호구역은 물론 일방통행 길로 지정을 하여 위험수위를 낮추고자 제안합니다.
세번째로 주차로 주민들 간의 싸움이 있습니다. 혼자 불법 주차하겠다고 오토바이, 자전거, 배너 간판 등 여러 물건으로 자리를 차지한 다음 다른 차는 주정차를 못하게 막아 놓고 혹여나 다른 차가 잠시 주정차를 하고 있으면 당장 빼라고 싸웁니다. 근데 알고 보면 그 사람도 그 집 앞이나 그 동네 사는 사람이 아닙니다. 그리고 최근 빌라들도 몇 개 생겨 주차장이 있는 건물들이 생겼는데 이른 아침이나 늦은 밤 차량 입출차를 못해 차량 주인 찾는다고 큰소리로 차주를 찾는 경우도 있습니다.
대흥로 20안길에 주차를 할 수 있게 그냥 두실거면 싸우지 않고, 주차장이 있는 차주들이 차량을 입출차 못하는 상황이 없게
거주자우선주차 구역으로 몇 개 만들어 주셨으면 합니다. 벽에는 마포구청 이름으로 주차금지라고 쓰여 있는데 왜 어린이 보호구역이며, 일방통행, 주차단속을 안하는지 모르겠습니다.
위험과 불편이 많은 대흥로20안길의 개선을 제안합니다. 용강초등학교에서도 학교 주변 길의 일방통행 학부모 의견 수렴을 했었습니다. 이는 아이들의 안전한 등교를 위함으로 여겨집니다.
1. 어린이 보호구역 지정으로 아이들의 안전한 등굣길 확보
2. 일방통행 지정으로 차량 및 사람 통행 보호 확보
3. 거주자우선주차 지정으로 이웃간의 불화 해소 및 불편 해소
이중 하나라도 이행해 주시기 바랍니다.",웹크롤링 성공,검증용137_웹본문포함
PROP-198232,서울형키즈카페 등 이용시간 연장,서울형키즈카페 등 이용시간 연장,2025-02-18,2025,3.0,0,N,https://idea.seoul.go.kr/front/freeSuggest/view.do?sn=198232,보육·돌봄 인프라,아동 놀이·체험공간,공공키즈카페·수유실·유아휴게실,"육아, 어린이집",상,직접관련,서울형키즈카페,기존 1차 직접키워드 수집,,"서울시 정책으로 여러 지역에 서울형키즈카페가 생겨서 아주 유용히 이용 하고 있음에 정말 감사드립니다
하지만 이용가능 시간이 워킹맘들에겐 맞지 않아 제안드립니다
보통 워킹맘들은 아이를 어린이집에 보내서 하원하러 가면 16:30분 정도 입니다
하지만 서울형 키즈카페, 용산 꿈나무놀이터, 여러 박물관 등 의 평일 이용시간이 17:30분 까지 밖에 안되어 한시간도 채 이용을 못하는 경우가 많습니다
18:00로 30분이라도 더 늘려 주시면 육아에 많은 도움이 될것 같습니다
꼭좀 반영 부탁드립니다",웹크롤링 성공,검증용137_웹본문포함
PROP-197918,어린이보호구역 시간제 운영,어린이보호구역 시간제 운영,2025-02-04,2025,1.0,0,N,https://idea.seoul.go.kr/front/freeSuggest/view.do?sn=197918,보육·돌봄 인프라,어린이집·유치원,보육시설·유아교육,어린이집,상,직접관련,아동_안전환경: 보호구역 + 어린이,기존 1차 직접키워드 수집,,"어린이 보호구역 시간제 운영 제안합니다
예를들면 저녁 9시 이후부터 익일 오전 6시까지 속도제한 해제 및 어린이보호구역 일시 해제
새벽 한두시에 어린이집 앞 초등학교 앞 횡단보도 길건너는 아이들이 누가있다고..
실효성에 대해 생각해봤으면 합니다",웹크롤링 성공,검증용137_웹본문포함
PROP-197873,청년안심주택 반려동물 양육 및 출입금지 규정 폐지 요청드립니다.,청년안심주택 반려동물 양육 및 출입금지 규정 폐지 요청드립니다.,2025-02-03,2025,85.0,14,Y,https://idea.seoul.go.kr/front/freeSuggest/view.do?sn=197873,주거·교통·도시생활환경,출산가구 주거,신혼부부·출산가구 주거지원,"양육, 신혼부부",상,직접관련,양육,기존 1차 직접키워드 수집,,"현재 sh공사에서 모집하는 구 역세권 청년주택 현 청년안심주택에서 반려동물 양육 및 출입금지를 주요 퇴거사항으로 기재해 놓고 있습니다.
흡연이나 층간소음 등 기타 다른세대에 불편을 끼치는 사항은 당연히 금지되어야 하나 반려동물의 양육 심지어 출입까지 금지시키는 것은 시대착오적 규정이라고 생각합니다.
해당규정때문에 기존에 반려동물을 양육중인 청년 또는 신혼부부는 입주를 포기하거나 파양하는 등 오히려 반려동물의 유기를 조장하고 있습니다.
반려동물이 시설을 훼손하는 경우 퇴거시 복구의무를 부여하면 되는 것이지 원천금지하는 것은 과한 규정이라고 생각합니다.
반려동물을 양육하는 세대가 갈수록 늘어나고 있는 만큼 관련규정도 다시 검토해주시길 부탁드립니다.
감사합니다.",웹크롤링 성공,검증용137_웹본문포함
PROP-197859,36개월 아이도 등하원돌봄이 필요합니다,36개월 아이도 등하원돌봄이 필요합니다,2025-02-03,2025,0.0,0,N,https://idea.seoul.go.kr/front/freeSuggest/view.do?sn=197859,보육·돌봄 인프라,초등돌봄,초등돌봄·방과후,"출생, 영유아, 양육, 어린이집, 조부모 돌봄",상,직접관련,등하원,기존 1차 직접키워드 수집,,"？
2023년 9월부터 서울시민 대상으로 조부모 돌봄수당이 시행되었습니다.
맞벌이로 인해 조부모에게 실질적으로 양육을 의전헤야하는 서울시 양육자에게 꼭 필요한 사업이었고 이러한 정책이 약 10년만의 서울시 출생율을 올리는데 일조했다고 생각합니다!
하지만 지원대상이 24-36개월로, 도움이 많이 필여하고 4시 30분을 어린이집 기존 하원시간으로 정해진
36~48개월, 즉 법적 영아에게는 아무 지원이 없습니다!
최소한 48개월 영아 또는 7세 미만의 미취학 영유아가 스스로 등하원을 할 수 없음을. 서울시에서 정책적으로 지원하기를 희망합니다!!
이는 서울시의 출생율증가와 시니어에 대한 일자리 증가와 사회참여도 증가에 기여할 것입니다.",웹크롤링 성공,검증용137_웹본문포함
PROP-197676,애완견 외출시 기저귀 채워 주세요,애완견 외출시 기저귀 채워 주세요,2025-01-05,2025,2.0,0,N,https://idea.seoul.go.kr/front/freeSuggest/view.do?sn=197676,다자녀·양육비·생활지원,양육비·생활비 지원,분유·기저귀·아동수당·부모급여,기저귀,상,직접관련,기저귀,확장 1차 생활키워드 수집,,"근래 애완견을 기르는 인구가 폭발적으로 늘어나고 있습니다.
그런데 주변분들에게 많은 피해를 주고 있습니다.
본인은 사랑하는 애완견이지만
개를 싫어하는 분들에게는 혐오물이 될 수 있습니다.
1. 짖어서 소음
2. 털이 빠져 날려서 호흡기 장애
3. 주면에 냄새
요즘 개를 데리고 운동시킨다며 다니는데
개는 외출하면 습관적으로 소변으로 표시하는 버릇이 있습니다.
어떤 때는 똥을 싸고 치우지도 않아 눈살을 찌푸리게 합니다.
그래서 길거리나 공원 등에 냄새가 많이 납니다.
그리고 병균을 옮길 수도 있습니다.
그래서 캠페인을 해 주셨으면 합니다.
애완견 외출시 기저귀를 채우자",웹크롤링 성공,검증용137_웹본문포함
PROP-197295,어린이 등하굣길 교통안전지도 사업제안,어린이 등하굣길 교통안전지도 사업제안,2024-10-20,2024,0.0,1,N,https://idea.seoul.go.kr/front/freeSuggest/view.do?sn=197295,정보·상담·교육·거버넌스,정보 접근성,일반 출산정책 안건,아동_안전환경: 안전 + 부모,중,조합관련,아동_안전환경: 안전 + 어린이,2차 문맥조합 수집,,"현황 및 문제점
아이들은 보통 안전을 위해 부모랑 같이 등교하는데  맞벌이 부부등은 아이랑 동행하는데 제약을 받는경우가 있어 간혹 혼자보내는 경우가 있을수 있는데 이런경우 아이들의 안전이 걱정될 우려가 있다는 문제가 있다
개선방안
초등학교 1~2학년을 대상으로 방향이 같은 8명 내의 아이들로 노선을 구성한 뒤 노선 당 1명의 지도사를 배치해 등 하굣길을 함께 한다
기대효과
맞벌이 부부등 아이랑 동행하기 어려운분들의 동행부담감 해소",웹크롤링 성공,검증용137_웹본문포함
PROP-196927,강남구 해찬솔 유아숲 체험 관련 건의사항입니다.,강남구 해찬솔 유아숲 체험 관련 건의사항입니다.,2024-08-26,2024,0.0,0,N,https://idea.seoul.go.kr/front/freeSuggest/view.do?sn=196927,정보·상담·교육·거버넌스,정보 접근성,일반 출산정책 안건,교육·프로그램: 체험 + 유아,중,조합관련,교육·프로그램: 체험 + 유아,2차 문맥조합 수집,,"수업 내용은 정말 유익했고, 선생님도 두분이셔서 수업 진행도 매우 매끄럽고 좋았습니다.
다만 만남의 장소를 좀 더 자세하게 공지해주시면 좋을 거 같습니다. 초행길에 공원에서 좀 찾아다니게 되더라구요.
또한 공원에 주차할 곳이 없는데, 주변 세곡문화센터 토요일 주차(유료) 가능한 점도 같이 안내해주시면 예약하는데 도움이 될거 같습니다.
즐거운 체험 감사했습니다.",웹크롤링 성공,검증용137_웹본문포함
PROP-196829,우리 아이들이 안전하게 자랄 수 있도록 사당 15구역 재개발 추진해 주세요.,우리 아이들이 안전하게 자랄 수 있도록 사당 15구역 재개발 추진해 주세요.,2024-08-13,2024,19.0,5,N,https://idea.seoul.go.kr/front/freeSuggest/view.do?sn=196829,주거·교통·도시생활환경,출산가구 주거,신혼부부·출산가구 주거지원,신혼부부,상,직접관련,아동_안전환경: 안전 + 아이,기존 1차 직접키워드 수집,,"존경하는 오세훈 시장님 안녕하십니까
,
저는 아이의 아버지이자 신혼부부인 한 사람입니다
.
저는 동작구 사당
1
동에 작은 빌라 하나를 가지고 있습니다
.
저는 어릴때부터 아이를 많이 가지는 것이 꿈이었습니다
.
하지만
,
서울의 집값이 너무 비싸고 지금 소유한 빌라의 여건 상
,
여러 아이에 부모님까지 모시고 살기에는 너무 작은 집이기에 그 꿈을 포기할 수 밖에 없었습니다
.
게다가
,
우리 사당
1
동은 차량이 지나다니기에도 길이 좁고 아이들이 뛰어놀기에도 위험하며
,
특히
'22
년을 포함하여 장마철에 자주 물에 잠기는 침수 지역으로 아이들을 마음 놓고 안전하게 키우기에는 많은 어려움이 있었습니다
.
이에 저는 저의 빌라가 넓고 안전한 아파트단지로 탈바꿈하여 아이를 많이 낳고 우리 아이들을 안전하게 차량 걱정 없이
,
수해 걱정 없이 키우려는 큰 꿈을 안고 우리 사당
1
동 사당
15
구역 신속통합구역에 대한 찬성표를 던졌습니다
.
우리 구역은 이번 부동산 대책으로 인한 용적률
330%
적용 시 조합원 이외에
1,000
세대 이상 일반분양이 가능하여 현재 공급 부족으로 천정부지로 치솟고 있는 서울시의 집값 안정화에도 일정부분 기여를 할 것이며
,
이는 시장님의
'
공급 확대를 통한 부동산 가격 안정화
'
라는 생각과도 일치합니다
.
하지만
,
우리 구역 내 신속통합 반대파
13%
들은 자신들이 원주민이고 빌라 소유자들로
'
사업성이 떨어진다
'
라는 계산으로 우리 구역 내의 순수한 찬성 주민
60%
의 의도를 왜곡하며 절대 소수임에도 우리 구역의 지정을 막고 있습니다
.
그들의 왜곡과 다르게, 빌라 소유주들은 소위 '거지'가 아니며 분담금을 부담하고 정당하게 새로운 아파트를 얻게 될 것입니다.
사당
1
동은 그들만의 것이 아닌
,
구역민 전체의 것이고 나아가 재개발 후 새로 사당동에 살게 될 새로운 주민들과 우리 미래 세대 모두의 것이기도 합니다
.
저는 오늘도 현재 구역민과 새로 분양받아 입주하는 새로운 주민들
,
그리고 임대 혜택에 의해 더불어 살게될 주민들이 모두 함께 안전하고 수해와 차량사고 걱정없이 살아가는
4,000
세대의 새로운 사당
1
동을 꿈꿉니다
.
부디 저와 우리 구역민들의 간절한 소원과 같이 서울 핵심지인 우리 사당
1
동에
1,000
세대 이상 고품질 주거공간 추가 공급과 우리 아이들의 미래를 위한 안전한 터전을 위한 사당
15
구역 지정과 신속한 추진을 부탁드립니다
.",웹크롤링 성공,검증용137_웹본문포함
PROP-196795,중곡역 서울형키즈카페,중곡역 서울형키즈카페,2024-08-09,2024,0.0,0,N,https://idea.seoul.go.kr/front/freeSuggest/view.do?sn=196795,보육·돌봄 인프라,아동 놀이·체험공간,공공키즈카페·수유실·유아휴게실,서울형키즈카페,상,직접관련,서울형키즈카페,확장 1차 생활키워드 수집,,"키즈카페애 수용인원이 점점 늘어나요
부모님들 까지 오면 100명입니다
안전사고 걱정됩니다
아직 어린아기들이 오는 곳인데 감염 위험도요 수",웹크롤링 성공,검증용137_웹본문포함
PROP-196711,장난감도서관의 소독시간 폐지,장난감도서관의 소독시간 폐지,2024-07-24,2024,1.0,0,N,https://idea.seoul.go.kr/front/freeSuggest/view.do?sn=196711,출산·산후 초기지원,출산가구 초기지원,출산지원금·출생축하,"출산, 육아",상,직접관련,장난감도서관,기존 1차 직접키워드 수집,,"？양천구 기준으로, 장난감 도서관 및 공동육아방은 소독시간이 있습니다.
하지만, 코로나 등 전염병이 있지 않은 상황에서 소독시간이 꼭 필요한지 확인이 필요할거같습니다. 다른 도서관 등에 비해 이용객이 많지도 않은데 소독시간에는 문을 걸어잠궈 방문시 기다린적이 있습니다. 안에서는 실질적으로 소독이 아닌 휴식을 취하시고 계시더라고요. 다른 도서관이나 공무원분들하고의 형평성에 맞지않을뿐더러 어른에 비해 컨디션 관리가 어려운 아이들에게 점심시간에 오후소독시간까지 피해서 방문하려니 남는시간이 적게만 느껴집니다. 출산률 저조 등으로 이용객이 줄어드는데 꼭 중간에 휴식 시간을 만들어야하는지 고민이 필요한거 같습니다. 기타 성인 도서관에 준하여 운영시간을 동일하게 하는게 맞을거 같습니다.",웹크롤링 성공,검증용137_웹본문포함
PROP-196494,장애아를 위한 서울형키즈카페 제안,장애아를 위한 서울형키즈카페 제안,2024-06-30,2024,14.0,1,N,https://idea.seoul.go.kr/front/freeSuggest/view.do?sn=196494,보육·돌봄 인프라,아동 놀이·체험공간,공공키즈카페·수유실·유아휴게실,서울형키즈카페,상,직접관련,서울형키즈카페,확장 1차 생활키워드 수집,,"안녕하세요? 7세 자폐성 장애를 가진 조카가 있습니다. 4세부터 장애를 알게 되었고 서울형 키즈카페를 여러군데, 여러번 이용해보았습니다. 저렴한 가격으로 깨끗하고 안전한 시설들로만 잘 꾸며져서 아이들이 이용하기 좋았습니다. 하지만 상대적으로 소통이 어렵고 질서 지키기가 잘 안되는 장애 아이의 특성상 일반 아이들과 같은 공간에서 놀기에 어려운점이 많습니다. 상주직원들의 장애아에 대한 이해도 부족합니다. 일반 아이들과 부모들과 직원들의 눈치를 보지 않고 장애아이들과 부모들이 좀더 즐겁고 마음 편하게 시간을 보낼 수 있는 장애아들만을 위한 서울형 키즈카페를 만들어주셨으면 좋겠습니다. 감각통합 놀잇감과 장애아의 특성을 이해해줄수 있는 상주직원들도 있으면 좋을거 같습니다.",웹크롤링 성공,검증용137_웹본문포함
PROP-196434,고등학생 하원 택시 운영제도,고등학생 하원 택시 운영제도,2024-06-20,2024,1.0,0,N,https://idea.seoul.go.kr/front/freeSuggest/view.do?sn=196434,보육·돌봄 인프라,초등돌봄,초등돌봄·방과후,하원,상,직접관련,하원,확장 1차 생활키워드 수집,,"한국 고등학생들은 평일에 학교와 학원을 오가며 하루 평균 10시간 이상을 교육기관에서 보내고 있습니다. 학교 수업 이후 추가적인 학습을 위해 학원까지 다니는 생활 패턴은 고등학생들에게 극도의 스트레스와 피로감을 유발합니다. 학업 외적으로도 학생들의 생활 품질과 안전을 저해하는 요소를 개선하기 위해 지방자치단체 고유의 고등학생 하원 택시 운영제도 운영을 제안합니다.
학원이 끝나는 오후 9시~11시에는 택시 이용자가 소속학교 인증을 통해 학생임을 인증할 경우 지방자치단체가 적용한 저렴한 택시 요금으로 집까지 하원할 수 있게 하는겁니다. 또, 학생 혼자 택시를 타면 위험에 노출되기 쉽다는 문제를 해결하기 위해 생각한 방안으로는 해당 옵션의 택시 기사는 엄격한 운전자 선발 과정을 통과해야 하게 하는 것이 있습니다. 또는 자율주행자동차 기술을 이 정책에 활용하면 가장 좋을 것 같습니다.
학생들이 안전한 교통 이동을 보장받아 스트레스와 피로감을 줄일 수 있다는 가장 큰 장점이 있고, 학생들과 학부모들의 시간 관리 및 생활 편의성이 향상될 것입니다. 또, 공공 교통의 활용도가 높아지면서 개인 차량 운행으로 인한 환경 부담을 줄 일 수도 있습니다. 최종적으로는 혁신적인 교통 정책 도입으로 인해 지방자치단체의 이미지와 사회적 신뢰도가 향상될 것을 기대할 수 있습니다.",웹크롤링 성공,검증용137_웹본문포함
PROP-195147,흡연에 대한 경범죄로 추가 제안. 아이와 시민들의 건강과 올바른 흡연습관을 위해 제안합니다.,흡연에 대한 경범죄로 추가 제안. 아이와 시민들의 건강과 올바른 흡연습관을 위해 제안합니다.,2023-09-26,2023,0.0,0,N,https://idea.seoul.go.kr/front/freeSuggest/view.do?sn=195147,임신·난임·생식건강,임산부 건강·배려,임산부 건강관리·배려,임산부,상,직접관련,아동_안전환경: 흡연/범죄 + 아이,기존 1차 직접키워드 수집,,"아이와 시민들의 건강과 올바른 흡연습관을 위해 제안합니다.
출, 퇴근이 길이나 주말 경우 담배를 피면서 보행하는 흡연자들을 쉽게 볼 수 있습니다.
걸어가면서 담배를 피면 뒤에서 걷고 있는 노약자, 임산부, 환자, 어린아이, 학생 등 많은 사람들이 이러한 행위해 자신도 모르게 암에 걸리고 있습니다.
간접흡연은 굉장히 위험하며 몸이 약하거나 불편한 사람은 폐암에 걸릴 확률 또한 높습니다.
국내
사망률 1위
인
폐암
은
생존률이 28%
에 해당하고 있습니다.
간접흡연은 직접흡연보다 폐암에 걸릴 확률이 1.5배가 높습니다.
흡연자들의 시민의식이 개선되지 않기 때문에 다른 방법들이 필요한 것 같습니다.
담배꽁초 버리는 건 현재 경범죄로 추가되어 있는데 여기에 더해
보행 중 흡연 또한 경범죄로 추가하여 시민의 건강을 나라가 지켜줘야 할 것 같아 제안하게 됩니다.",웹크롤링 성공,검증용137_웹본문포함
PROP-194687,난자냉동 지원 나이를 만28세로 하향해주세요.,난자냉동 지원 나이를 만28세로 하향해주세요.,2023-06-19,2023,1.0,0,N,https://idea.seoul.go.kr/front/freeSuggest/view.do?sn=194687,임신·난임·생식건강,임신 준비·가임력 지원,가임력검사·난자냉동·예비부부검진,"출산, 임신, 육아",상,직접관련,난자냉동,기존 1차 직접키워드 수집,,"안녕하세요. 직장생활 하고있는 만27세 여성입니다. 요즘들어 가장 큰 고민은 결혼과 출산인데요. 현재 남자친구가 있으나 저와 비슷한 또래로 직장에 취업한지 이제 갓 일년 즈음 되었습니다.
결혼과 임신/ 출산/육아에 대해서 얘기나누며 미래를 그려보는 요즘 집장만부터 시작해서 최소한 한명정도 애를 낳으려면 드는 비용을 마련하기 위해서는 둘다 맞벌이를 하며 최소 4~5년 정도는 일을 해야한다고 결론이 나왔습니다. 그렇게 된다면 신체 나이가 들고 노산의 확률이 높아지므로 장애아 출산을 걱정하게 되어 미래가 점점 불안하게 느껴집니다.
그에 대비하기 위해서 올해 후반에서 내년 초에 난자냉동을 고려중인데 350~500 정도의 비용이 든다고 합니다. 젊고 건강한 난자로 건강한 아이를 출산하고 싶은 마음이 있는데, 비용이 중소기업 재직자가 감당하기엔 높은 금액이라 불안합니다.
정책을 확인해보니 만 30세 부터 지원을 하던데 지원 연령을 조금 더 낮추어 20대의 난자로 건강한 아이를 출산할 수 있도록 대비하고 싶은 결혼적령기의 20대 후반 여성들을 뒷바쳐주었으면 좋겠습니다.
오늘도 고생이 많으십니다. 감사합니다.",웹크롤링 성공,검증용137_웹본문포함
PROP-194620,서울시 관내의 모유수유시설의 한글 명칭과 영문 명칭 통일 해 주세요.,서울시 관내의 모유수유시설의 한글 명칭과 영문 명칭 통일 해 주세요.,2023-06-10,2023,0.0,0,N,https://idea.seoul.go.kr/front/freeSuggest/view.do?sn=194620,출산·산후 초기지원,산모 회복·건강관리,산후우울·산후검진·수유상담,육아,상,직접관련,모유수유,기존 1차 직접키워드 수집,,"수유시설 관리 표준 가이드라인을 보면
○ 수유시설이란 아기에게 수유(착유)가 필요할 때 언제든지 방문하여 편하게 이용할 수
있는 안전하고 쾌적한 공간을 구성하고 있는 시설을 의미하며 시설 이용자에 따라
다음과 같이 구분하여 정의한다.
- 모유수유/착유실 : 엄마와 아기 또는 수유부 전용 공간으로 편안한 상태에서 모유수유에
집중할 수 있고, 직접 모유수유가 어려운 경우 모유를 짜서 보관할 수 있도록 마련된 공간
- 가족수유실 : 기존의 수유실 이용 대상(엄마와 아기)을 가족(아빠 포함)으로 확대한 개념
으로 수유 외에도 기저귀 교환, 이유식 등 다양한 육아 활동이 가능한 공간
입니다. 그러나 서울시내의 모유수유시설을 돌아다니다보면 '아기쉼터', '유아 휴게실', '수유실', '가족 수유실', '아기사랑방' 등으로 명칭이 다양하며
영문조차도 ' Nursing room', 'Family Feeding Room', 'Mom's Lounge', 'Baby Lounge', Baby Care' 등등 각 설치 기관이나 관공서 담당자 또는 발주기관의 관심과 어휘 이해도에 따라 상이한 것이 현실입니다.
모유수유시설의 한글 명칭과 영문 명칭의 통일이 필요합니다. 어렵지도 않은 일인데, 정부기관에서 통일을 하지 않으니 의무적으로 설치해야 하는 관공서나 공공기관 또는 각 시설에서는 한글 명칭으로  '아기쉼터', '유아 휴게실', '수유실', '가족 수유실', '아기사랑방' 등등 다양한 명칭을 사용하고 있고, 이에 따라 영문 명칭조차도 ' Nursing room', 'Family Feeding Room', 'Mom's Lounge', 'Baby Lounge', Baby Care' 등으로 다양한 것이 현실입니다.
이런 점에 대해 정부기관에서 통일하기 곤란하면 서울시라도 나서서 서울시 관내의 모유수유시설에 대해 제안 플랫폼을 통해 서울시민들의 제안을 받고 전문가들의 의견을 수렴한 후 서울시민들이 투표할 수 있는  엠보팅과 같은 플랫폼을 이용하여 서울시민들이 가장 선호하는 모유수유시설의 한글 명칭과 영문 명칭을 통일하는 것입니다.
모유수유시설의 한글 명칭과 영문 명칭의 통일은 예산 낭비를 막고, 모유수유시설에 대한 하나된 인식을 서울시민들이 인지하고 공유할 수 있게 하며, 상대방에게 설명하거나 사고발생시 장소를 언급함에 있어 의사소통의 문제가 발생하지 않도록 하는데 기여할 것입니다.",웹크롤링 성공,검증용137_웹본문포함
PROP-194228,"★ 우리 소중한 아이들의 스쿨존은 지금, 충 / 분 / 히  안전한가요?","★ 우리 소중한 아이들의 스쿨존은 지금, 충 / 분 / 히  안전한가요?",2023-03-27,2023,68.0,0,Y,https://idea.seoul.go.kr/front/freeSuggest/view.do?sn=194228,보육·돌봄 인프라,초등돌봄,초등돌봄·방과후,유치원,상,직접관련,아동_안전환경: 안전/스쿨존 + 아이,기존 1차 직접키워드 수집,,"□ 목적 : 스쿨존에서 초등학생보행중 휴대폰 사용으로 인한 사고 방지

           어린이보호구역 사고 막는다‥보행 중 스마트폰 제한 (2022.07.20/뉴스투데이/MBC) ？

           https://youtu.be/hOW3QOM0caU



□ 우리아이들의 스쿨존은 지금,충/분/히 안전한가요?



 - 횡단보도용 바닥신호등,스마트 횡단보도,횡단보도 음성안내 보조장치등

   '횡단보도 신호등 연동 전용 장치'들이 등하굣길에서

    아이들을 스몸비로 인한 위험으로부터 충분히 지켜줄 수 있을까요?



 - ‘스몸비’사고 막자...세금 쏟아붓는데 효과는?

   사고방지 장치들이 속속 도입되고 있지만 확실한 안전보장은어려운 상황,

   길을 걸을때 폰을 보지 않는 것만이 위험을 차단하는유일한 방법(MBC, 2019.7)



 - 상대적으로 훨씬 더 위험할 수 있는

    ▲차와 사람이 뒤엉켜 다니는이면도로 ▲신호등 없는 횡단보도가

    스몸비-키즈*에 대한 안전사각지대는 아닐까요?

    *스몸비-키즈:스마트폰만 쳐다보고 걸어가는'스몸비(Smombie)족’과 '키즈(kids)'의 합성어로,

    등하굣길에 스마트폰만 보고 다니는초등학생들을 가리키는 신조어



□ ‘스쿨존은 어린이 사고존'이라 불릴 만큼 사고가 지속 발생



   - 12세 이하 어린이 스쿨존사고 최근5년간 연간평균523건 발생

      2017년比44건(9.2%),사상자70명(14.1%)증가(도로교통공단2021)



   - 어린이 교통사고 사망10건 중1건은 스쿨존에서 발생(뉴시스)



   - 스마트폰 보며 걷다가 차도로 불쑥…교통안전 블랙홀‘스몸비와의전쟁’

      초등학생10명 중8명 걸으면서 휴대폰 사용(동아일보,삼성교통안전문화연구소)



□ 수혜자 : 학생 및 보호자



□ 대   상 : 7개 초등학교 스쿨존

   2021년‘스쿨존내 어린이 사고 다발지’ 서울특별시 관내 7개소

  강북구/강서구/관악구/노원구/은평구 각 1개소, 영등포구 2개소

  수유초(강북구), 공진초(강서구), 난우초(관악구), 청계초(노원구),

  도림초/선유초(영등포구). 갈현초(은평구)

   (출처:도로교통공단 교통사고분석시스템TASS)

   (분석조건:반경300m내,대상사고2건이상 또는 사망사고 발생지역)



   **스쿨존:초등학교 및 유치원 주출입문에서 반경300m이내의주통학로를

     보호구역으로 지정하여 교통안전시설물 및 도로부속물설치로

     학생들의 안전한 통학공간을 확보하여 교통사고를 예방하기위한 제도



□ 파급효과

   서울특별시 전역 ‘스쿨존 사고다발지역 초등학교’중심으로 우선 확산하여

   안전한 등하굣길 조성을 위한‘스쿨존 안전망’구축",웹크롤링 성공,검증용137_웹본문포함
PROP-194156,교재비 지원,교재비 지원,2023-03-10,2023,7.0,0,N,https://idea.seoul.go.kr/front/freeSuggest/view.do?sn=194156,정보·상담·교육·거버넌스,정보 접근성,일반 출산정책 안건,교재비,상,직접관련,교재비,확장 1차 생활키워드 수집,,"자격증 공부를 위한 '교재비 지원' 정책을 제안합니다. 
취업준비를 위해 자격증 공부를 시작하고자 해도 교재 비용에 대한 부담이 적지 않다고 생각합니다.
따라서,
- 온라인 서점에서 자격증 관련 서적은 요구조건에 맞는 대상자임을 인증하면 할인해주는 쿠폰을 발급하거나
- 오프라인 서점에서만 사용할 수 있는 포인트 형식이나 문화상품권을 지급하는 등의 
방식을 통해 교재비를 지원받는 정책을 제안드립니다.",웹크롤링 성공,검증용137_웹본문포함
PROP-193726,야간 소아응급 의료진 확충 방안 건의,야간 소아응급 의료진 확충 방안 건의,2022-12-12,2022,1.0,1,N,https://idea.seoul.go.kr/front/freeSuggest/view.do?sn=193726,보육·돌봄 인프라,아동 건강·의료 접근성,소아응급·야간진료·영유아검진,"소아응급, 어린이병원",상,직접관련,소아응급,확장 1차 생활키워드 수집,,"요즘 소아응급 전문 의료진 부족으로 상급종합병원(3차)에서도 야간 소아응급환자를 받지 못한다고 합니다.
제도적으로 재원을 마련해 구마다 적어도 한 병원은 소아응급환자를 받을 수 있도록 지원하는 것을 적극 건의드립니다.
이천시는 예산지원을 통해 2023년부터 야간 소아응급진료를 시작한다고 합니다. (참고: http://www.joongboo.com/news/articleView.html?idxno=363569754)
물론 서울도 현재 서울대어린이병원과 서울아산병원에서 소아응급환자를 받고 있지만, 인구수에 비해서 턱없이 부족합니다.
영,소아들이 응급실 앞에서 발걸음을 돌리는 경우가 많으니, 숙고 부탁드립니다.",웹크롤링 성공,검증용137_웹본문포함
PROP-193577,서울형키즈카페,서울형키즈카페,2022-11-18,2022,5.0,1,N,https://idea.seoul.go.kr/front/freeSuggest/view.do?sn=193577,보육·돌봄 인프라,아동 놀이·체험공간,공공키즈카페·수유실·유아휴게실,"육아, 한부모",상,직접관련,서울형키즈카페,기존 1차 직접키워드 수집,,"서울형 키즈카페 너무 부럽습니다.
은평구에도 어서 빨리 생겼으면 좋겠어요
은평구에 아이들 정~~~말 많거든요? 그런데 이번 여름에 다른 지역으로 물놀이터 찾아 헤맬때
정말 슬펐어요..(은평구는 제대로 된 물놀이터 없거든요). 은평구는 인구밀집은 엄청난데 아이들도 많고.. 그에비해 아이들 데리고 갈 곳이 없어요
물론 양쪽부모 다 있고 여유있는 집들은 좋은데 놀러가고 이런 생각 안하겠지요
근데 정말로 맞벌이 부부 랄지.. 한부모 가정이랄지.. 혼자서 육아를 하는 집들은 주말에 정말 어디 갈 데가 없어요
가까운 키즈카페도 두 곳이나 문 닫고 그나마 있는 곳 찾아서 원정가야합니다. 아파트에 안 사는 사람들은
놀이터도 찾아 헤매기 일쑤입니다. 서울시에서 부모가 행복한 서울~ 이렇게 표어를 내걸어도 괴리감이 느껴져요
제가 느끼는 온도차가 심하달까요. 특정 구에만 설치하지마시고 대대적으로 같이 해주셨으면 좋겠고 구 내에서도
경쟁이 치열하니 좀더 많이 개설해주셨으면 좋겠습니다.",웹크롤링 성공,검증용137_웹본문포함
PROP-193454,인도에서 흡연 및 오토바이. 유모차 끌고다니기 무섭다,인도에서 흡연 및 오토바이. 유모차 끌고다니기 무섭다,2022-10-30,2022,3.0,0,N,https://idea.seoul.go.kr/front/freeSuggest/view.do?sn=193454,주거·교통·도시생활환경,유모차 이동권,유모차·유아차 이동편의,유모차,상,직접관련,유모차,기존 1차 직접키워드 수집,,"인도에서 흡연하는 사람. 인도에서 주행하는 오토바이 너무 많습니다.
유모차 끌고 다니기가 무섭게 많습니다.
이런 기본적인 것도 해결못하는데 무슨 다른 복지를 말하고자합니까.",웹크롤링 성공,검증용137_웹본문포함
PROP-192668,서울런 교재비 지원금을 늘려주세요.,서울런 교재비 지원금을 늘려주세요.,2022-06-12,2022,0.0,1,N,https://idea.seoul.go.kr/front/freeSuggest/view.do?sn=192668,정보·상담·교육·거버넌스,정보 접근성,일반 출산정책 안건,교재비,상,직접관련,교재비,확장 1차 생활키워드 수집,,"현재 대부분의 인강 사이트에서의 교재비는 2만원이 넘어갑니다. 서울런 정책에서 교재비 지원금으로 주는 2만원으로는 개념 교재 1권도 살 수 없습니다. 저소득층 교육 격차를 줄이기 위해 나온 정책임에도 강의만 무료로 제공될 뿐, 교재는 따로 구매해야한다는 점에서 교육 격차를 줄일 수 있는지 의문이 듭니다. 교재비 지원금을 늘려주세요.",웹크롤링 성공,검증용137_웹본문포함
PROP-192172,장애아동을 위한 전용 미용(헤어컷)시설 설치를 제안합니다.,장애아동을 위한 전용 미용(헤어컷)시설 설치를 제안합니다.,2022-02-22,2022,112.0,3,Y,https://idea.seoul.go.kr/front/freeSuggest/view.do?sn=192172,보육·돌봄 인프라,아동 건강·의료 접근성,소아응급·야간진료·영유아검진,어린이병원,상,직접관련,공간·편의시설: 시설 + 아동,확장 1차 생활키워드 수집,,"존경하는 오세훈 서울시장 및 각 부처 관계자께 제안드립니다.
저는 미취학 장애아동을 키우고 있는 부모입니다. 중증 뇌병변 장애인탓에 아직 스스로 앉거나 일어서지 못합니다. 하루에 대부분을 누워있고 식사시간에만 등받이 의자에 앉아있습니다.
형편이 이렇다보니 머리를 자르기가 많이 힘이 듭니다. 유튜브를 찾아보며 혼자 독학하여 잘라주고있지만 독학으로 배운 헤어컷은 늘 삐뚤빼뚤 입니다. 큰 맘 먹고 동네 헤어샵을 데려가더라도 거절 당하거나 불편한 시선들로 마음만 상하고 돌아옵니다.
저는 부모니깐 참을 수 있지만 소중한 내 자녀가 장애가 있다는 이유로 불편한 시선을 받는것은 참으로 부모로서 억장이 무너집니다.
이에 간곡히 제안드립니다.
다른 아이들 보다 몸이 불편한 우리 아이들이 편하게 이발을 할 수 있는 그런 공간을 마련하여 주십시오. 장애아동도 멋있게 머리를 자를 수 있게 도와주십시오.
내곡동에 위치한
서울시립어린이병원에 설치된다면
그곳에서 재활을 받는 장애아동들이
편하게 이용할 수 있을거라 생각됩니다.
그외에 서울시 관할 재활센터나 장애인복지센터에 설치되어 운영되기를 희망합니다.
존경하는 오세훈 서울시장 이하 각부처 관계자께서는 심도있는 검토를 부탁드립니다.",웹크롤링 성공,검증용137_웹본문포함
PROP-191711,서울시시립 어린이병원 주차장(내곡동),서울시시립 어린이병원 주차장(내곡동),2021-11-19,2021,5.0,0,N,https://idea.seoul.go.kr/front/freeSuggest/view.do?sn=191711,보육·돌봄 인프라,아동 건강·의료 접근성,소아응급·야간진료·영유아검진,유모차,상,직접관련,어린이병원,기존 1차 직접키워드 수집,,"매주 2번 정도 손주 재활진료를 받으려고 시립병원을 방문하고 있는 할머니입니다.
여기에 오는 대부분의 아동들은 지체가 부자연한 아동으로 보호자의 도움으로 휠체어나 유모차를 이용하는 아동들입니다.
주차장간격이 일반 주차장과 같아 몸이 불편한 아동들을 태우고 내리는 문제 또한 어렵고 유모차나 휠체어를 내리는데 많은 어려움이 있으니 주차장간격을 완화하여 주시기를 부탁드립니다.",웹크롤링 성공,검증용137_웹본문포함
PROP-191451,어린이 교통 안전법안_교통안전교육 의무화,어린이 교통 안전법안_교통안전교육 의무화,2021-10-12,2021,0.0,1,N,https://idea.seoul.go.kr/front/freeSuggest/view.do?sn=191451,보육·돌봄 인프라,어린이집·유치원,보육시설·유아교육,유치원,상,직접관련,아동_안전환경: 안전 + 어린이,기존 1차 직접키워드 수집,,"제안이유
자동차와 퀵보드, 자동차와 자전거가 함께 다니는 도로는 성인들에게도 위험천만한 환경입니다.
퀵보드나 자전거의 이용이 대중화된지는 한참 되었으나, 어린시절부터 교통규칙에 대한 지도와 실습은 이루어지고 있지 않은 것이 현실 속에 어린이 교통사고는 꾸준히 증가하고 있는 추세입니다.
따라서 어린이 교통사고를 예방하기 위해 어린아이 때부터 철저한 예방교육이 이루어지는 것이 필요하다는 생각을 하게 되었습니다.
어린 시절부터 교통안전교육을 받으면 습관이 되어, 성인이 되어서도 교통질서를 잘 지킬 수 있게 될 것이고, 사고에 대한 경각심도 늘 가지고 안전하게 생활하게 될 것입니다.
따라서 유치원과 초등학교내에 교통안전 교육과 실습을 할 수 있는 공간과 시간을 제공하는 교통안전 법을 제안하고자 합니다.
주요내용
유치원과 초등학교에 다니는 학생들이 직접 체험할 수 있는 교통안전교육을 위한 전용 시설을 제공한다.
아동이 자전거와 인라인이나 킥보드를 탈 때에, 안전교육을 일정시간 수료한 이후 합격한 아동에게만 '어린이교통안전면허증'을 발급해준다.
유치원과 초등학교에 설치가 어려운 경우 지역사회에서 공동으로 사용가능한 교통안전교육시설장을 설치한다.
한달에 최소 한 번 이상 규칙적이고 정기적인 교육을 받도록 제공한다.
또한 아동이 자전거와 퀵보드를 탈 수 있는 전용도로를 만들어 일반 자동차와의 사고를 미연에 방지하려고 하는 노력을 서울시에서는 계속적으로 이어나가야 한다고 생각합니다.",웹크롤링 성공,검증용137_웹본문포함
PROP-191388,아동 청소년을 위한 방과후 활동과 돌봄을 위해 지역 공간 개방에 대한 개선방안 마련,아동 청소년을 위한 방과후 활동과 돌봄을 위해 지역 공간 개방에 대한 개선방안 마련,2021-09-30,2021,2.0,1,N,https://idea.seoul.go.kr/front/freeSuggest/view.do?sn=191388,보육·돌봄 인프라,초등돌봄,초등돌봄·방과후,아동_안전환경: 안전 + 돌봄/부모,중,조합관련,공간·편의시설: 공간 + 아동,2차 문맥조합 수집,,"<
제안 배경
>
장기간 코로나로 인해 아동
,
청소년의 돌봄은 사각지대에 내몰리고 있습니다
.
돌봄을 개인의 문제가 아닌 지역사회가 함께 해결할 문제임을 인식하고 행동해야 할 때입니다
.
돌봄을 필요로 하는 이들이 무엇을 원하는지 당사자인 학생들은 무엇이 필요한지 우리의 귀와 눈을 열고 그들의 소리를 들어야 합니다
.
<
제안 내용
>
안전하게 활동하고 돌볼 수 있는 지역 내 공간과 프로그램이 필요합니다
.
어떻게 효율적으로 안전하게 운영할 수 있을지 함께 의견을 모아야 하며 이를 위해 학부모
,
학생
,
지역 사회 단체와 지자체의 소통 창구인 온라인 공론장을 열어줄 것을 제안합니다
.",웹크롤링 성공,검증용137_웹본문포함
PROP-190756,"필수목적, 예방접종 신청의 건","필수목적, 예방접종 신청의 건",2021-07-15,2021,7.0,0,N,https://idea.seoul.go.kr/front/freeSuggest/view.do?sn=190756,보육·돌봄 인프라,아동 건강·의료 접근성,소아응급·야간진료·영유아검진,예방접종,상,직접관련,예방접종,확장 1차 생활키워드 수집,,"안녕하세요
메일로 필수목적 예방접종 신청을 하는데, 수시로 메일박스가 풀이 나서 리턴이 되고 있습니다.
전화연결도 쉽지 않고, 신청하는게 너무 어렵습니다...
빠른 해결을 부탁드립니다.
1. This is an automatically generated
Delivery Status Notification (Failure).
2. The reason of the delivery failure
was :
452 Mailbox full
zhfhskqortls19@seoul.go.kr",웹크롤링 성공,검증용137_웹본문포함
PROP-190708,코로나 예방접종 문의 연락절대불가,코로나 예방접종 문의 연락절대불가,2021-07-12,2021,0.0,1,N,https://idea.seoul.go.kr/front/freeSuggest/view.do?sn=190708,보육·돌봄 인프라,아동 건강·의료 접근성,소아응급·야간진료·영유아검진,예방접종,상,직접관련,예방접종,확장 1차 생활키워드 수집,,"56년생 5월에 접종 예약했다가 검사에서 뇌경색병변이 나와 병원검사 일정으로
예약을 취소했다가 이번에 다시 예약을 하려는데 하려는데 대상자가 아니라는 문구만 뜨고
질병청도 군청도 그 어디도 통화도 안됩니다.
예약했다가 질병 등의 문제로 다시 예약할 수 있는 조건임에도 안되는 이유와
도대체 그 어디도 답변받을 곳이 통화가 안되는 사항을 어떻게 해야 합니까.
저는 언니의 예약대리자입니다.",웹크롤링 성공,검증용137_웹본문포함
PROP-190673,"새문안로, 새문안로 2길, 3길 교통신호 변경 및 도로 확장을 해 주세요. 아이들의 등원길이 위협받고 있습니다.","새문안로, 새문안로 2길, 3길 교통신호 변경 및 도로 확장을 해 주세요. 아이들의 등원길이 위협받고 있습니다.",2021-07-09,2021,112.0,25,Y,https://idea.seoul.go.kr/front/freeSuggest/view.do?sn=190673,보육·돌봄 인프라,초등돌봄,초등돌봄·방과후,"보육, 어린이집",상,직접관련,등원,기존 1차 직접키워드 수집,,"새문안로 2길은 매일 아침, 저녁 잘못된 신호 체계로 인해 지속적인 교통 정체와 불법 중앙차선 위반 및 과속으로 사고의 위험이 도사리고 있는 길입니다. 새문안로 2길에서 새문안대로로 좌회전 가능 구간이 현재 흥국빌딩과 콘코디언빌딩 밖에 없어 좌회전 차량이 몰리고 있고 또한 새문안로 2길에서 3길(경희궁자이 및 정부 청사로의 출입차량)로 직진 차량 또한 몰려 두 방면의 차량이 좁은 2차로 구간에 몰려 극심한 정체를 유발하고 있습니다.
더구나 이 구간은 덕수초등학교 및 광화문LG 어린이집, 롯데카드 어린이집을 비롯한 유초등 보육 및 교육기관으로의 등하원 길임에도 불구하고 대부분의 차들이 정지선 위반 및 횡단보도 정차, 심지어 과속으로 중앙선 위반까지 빈번히 행해지는 위험천만한 길이 되고 있어 언제라고 사고의 위험이 도사리고 있습니다.
따라서 현재의 교통 체계를 변경, 주변의 길들로 교통량 분산이 시급하다고 생각됩니다.
새문안로 및 새문안로2,3길의 교통 신호 체계 변경 및 새문안로 2길의 차선 조정, 확장 등을 요청합니다.
현재의 교통 상황을 첨부하여 드리오니 참조부탁합니다.",웹크롤링 성공,검증용137_웹본문포함
PROP-190647,어린이 보호구역 교차로 방지턱,어린이 보호구역 교차로 방지턱,2021-07-05,2021,13.0,0,N,https://idea.seoul.go.kr/front/freeSuggest/view.do?sn=190647,주거·교통·도시생활환경,유모차 이동권,유모차·유아차 이동편의,유모차,상,직접관련,아동_안전환경: 보호구역 + 어린이,기존 1차 직접키워드 수집,,"어린이 보호구역 4거리 교차로에
우회전차로
횡단보도에 작은 방지턱 설치는 어떤가요?
횡단보도 사고중 우회전 사고가
아주  많은걸로 알고있으며
우회전시 아이들이 잘안보입니다.
특히나 큰 사거리일 경우
카메라가잇어도
속도가 붙기에...
제가 얘기하는 건
방지턱은 모든사거리,
횡단보도 전체가 아니라
우회전차로가 구별되어있을정도로
큰 사거리이며
횡단보도 좌측에만 설치하는것입니다.
(좌측에만 설치해야하는 이유는
보행자(유모차, 행안부에서 정하는 약자들이 이용하는 보행차  포함)
는 우측통행시 방지턱이 방해될수있기 때문입니다.",웹크롤링 성공,검증용137_웹본문포함
PROP-190338,사무실 밀집 지역에 아이들을 위한 공간을 마련하면 좋을 것 같습니다.,사무실 밀집 지역에 아이들을 위한 공간을 마련하면 좋을 것 같습니다.,2021-06-04,2021,15.0,4,N,https://idea.seoul.go.kr/front/freeSuggest/view.do?sn=190338,보육·돌봄 인프라,어린이집·유치원,보육시설·유아교육,어린이집,상,직접관련,공간·편의시설: 공간 + 아이,기존 1차 직접키워드 수집,,"안녕하세요.
서울시 중구 소재의 회사로 출퇴근을 하며, 중구 소재의 직장 어린이집에 어린 자녀 2명을 보내는 엄마입니다.
다름아니라 사무실 밀집 지역을 보면 (예를 들면 제가 있는 을지로입구역 인근) 직장 어린이집이 꽤 있는 것으로 보여지고 (네이* 지도를 통해 사무실 밀집지역에서 어린이집을 검색하면 직장 어린이집이 꽤나 많이 나옵니다.) 이 어린이집에 재원 중인 아동들도 꽤 있는 것으로 추정이 됩니다. (예시를 제 소재지로 하였으나, 사무실 밀집지역이라면 어디라도 동일할 것 같습니다.)
그런데 주변을 둘러봐도 이 아이들이 잠시나마 뛰어 놀 곳은 없어보입니다.
상업시설이 밀집되어 있는 지역은 (다시말하면 땅값이 비싼 지역은..) 어느 회사도, 어느 기관도 아이들을 위한 공간을 내어주기가 쉽지 않아 보입니다.
아이들이 신체 활동을 할 수 있도록 아이들이 이용할 수 있는 어린이 놀이터를 서울시에서 주도하여 지어서 활용할 수 있도록 하면 어떨까요?
아이들의 활발한 신체 활동이 그 시기의 아이들에게는 꼭 필요하며, 대다수의 시간을 보내는 어린이집 근처에서 이런 활동들을 할 수 있도록 하면 조금 더 좋을 것 같습니다.
뛰어놀 놀이터가 없어서 회사 주변의 도보를 손잡고 걸어가며 산책만 하는 아이들을 보고 있자면 괜시리 미안한 마음이 드네요..
긍정적으로 검토 부탁 드리겠습니다.",웹크롤링 성공,검증용137_웹본문포함
PROP-190293,코로나19 예방접종증명서,코로나19 예방접종증명서,2021-05-30,2021,11.0,1,N,https://idea.seoul.go.kr/front/freeSuggest/view.do?sn=190293,보육·돌봄 인프라,아동 건강·의료 접근성,소아응급·야간진료·영유아검진,예방접종,상,직접관련,예방접종,확장 1차 생활키워드 수집,,"코로나19 예방접종증명서를 현재 A4용지로 교부하고 있는데 이는 휴대가 매우 불편하고 증서 필요시 일일이 제시해야 되는 번거로움이 있어서 최소 주민증록증 사이즈로 교부해주었으면 좋았을 것입니다.
대외적으로 쉽게 판별되고 예방접종 독려 효과도 노릴수 있도록 접종증명 뱃지를 만들어 의무적으로 부착하는 규정을 만들것을 제안합니다.
뱃지모양 : 첨부파일 참조",웹크롤링 성공,검증용137_웹본문포함
PROP-190234,"작은도서관에 전자잡지(또는 신문, 전자책) 공용아이디 발급","작은도서관에 전자잡지(또는 신문, 전자책) 공용아이디 발급",2021-05-21,2021,18.0,1,N,https://idea.seoul.go.kr/front/freeSuggest/view.do?sn=190234,정보·상담·교육·거버넌스,정보 접근성,정보통합·상담·신청,교육·프로그램: 교육 + 유아,중,조합관련,공간·편의시설: 도서관 + 아이,2차 문맥조합 수집,,"작은도서관을 운영중입니다.
공간적인, 경제적인 문제로 잡지(신문 등) 류의 배치에 어려움이 있습니다.
서울도서관 , 서울교육도서관 또는 지자체의 공공도서관의
전자잡지류(또는 신문, 전자책) 열람할 수 있는 ID를 개인이 아닌
작은도서관 별로 고유아이디를 배정해서 직접 서울도서관 회원가입 절차를 진행하지 않아도
작은도서관 방문만으로 해당 잡지들(또는 신문, 전자책)을 볼 수 있도록 허용해준다면
정보 격차에도 해소가 일면 될 것이고 보다 가깝게 도서관을 이용할 수 있을거라 생각됩니다.
또한 도서관 입장에서는 비용적인 부분이나 공간적인 문제로 비치하지 못했던 잡지류 (또는 신문, 책)등을
제공하여 보다 지역사회 주민들에게 보다 나은 서비스를 제공할 수 있을것이라 생각됩니다.",웹크롤링 성공,검증용137_웹본문포함
PROP-190204,유기견들에게 예방접종을 해주세요,유기견들에게 예방접종을 해주세요,2021-05-17,2021,6.0,1,N,https://idea.seoul.go.kr/front/freeSuggest/view.do?sn=190204,보육·돌봄 인프라,아동 건강·의료 접근성,소아응급·야간진료·영유아검진,예방접종,상,직접관련,예방접종,확장 1차 생활키워드 수집,,유기견들에게 예방접종을 해주세요 유기견들은 예방접종을 못해 아프거나 심장 사상충에 걸려 죽을수도 있습니다 저는 동물들을 좋아해서 유기견들이 아픈걸보면 마음이 아파집니다 그리고 동물들은 우리와 같은 생명입니다 그래서 유기견들에게 예방 접종시켜주셔야합니다 그래야 유기견들이 안 아프고 불행하지도 않을것입니다,웹크롤링 성공,검증용137_웹본문포함
PROP-190111,코로나 예방접종 예진에 대한 제안,코로나 예방접종 예진에 대한 제안,2021-05-06,2021,5.0,1,N,https://idea.seoul.go.kr/front/freeSuggest/view.do?sn=190111,보육·돌봄 인프라,아동 건강·의료 접근성,소아응급·야간진료·영유아검진,"소아청소년과, 예방접종",상,직접관련,예방접종,확장 1차 생활키워드 수집,,"코로나 예방접종 관련 업무로 고생이 많으십니다.
본인은 소아청소년과 의사로 하루동안의 예방접종 예진 업무에 투입된 뒤 정말 많은 생각과 고민 끝에 그만 두었습니다.
물론 제가 일한 지역의 공무원의 고압적인 태도로 기분이 많이 상한 것도 있지만 무엇보다 절차 상의 문제가 있어 이에 대한
보완 수정이 필요할 것 같다는 생각 때문이었습니다.
다음은 제가 생각한 문젯점과 해결 받안입니다.
1. 일단 예진 의사의 역할 - 지금같은 예진은 사실 필요가 없습니다.무엇보다 더 중요한 것 접종자들의 vital sign, 즉, 체온 뿐 아니라 혈압과 맥박 등을 체크해서 문제가 있으면 접종 연기를 권유 드려야합니다. 그리고 일반 직원들이 접종자에게 알러지, 부작용 전반에 대한 상담을 해서 문제가 되는 부분이 있을 때 예진 의사가 보는 시스템으로 가야합니다.
무조건 의사를 보게 하는 건 아무 의미가 없습니다.
2. 따라서 의사의 서명과 사인 또한 필요한 사항이 아닙니다. 이건 특별히 의사가 관찰해야 하고 상담해야 하는 접종자, 그리고 특별히 상담을 받고 싶은 분만 설정해서 예진하고 사인하면 되는 사항입니다. 이미 접종자들은 접종 자체에 대해 많은 걸 듣고 오시고 공무원의 말을 빌리자면 이미 맞겠다고 사인하고 온 분들이시니까요. 그러니 이건 이미 앞서 체크하면서 사인을 한번 더 받으시면 될 문제입니다. 어떤 분들은 오늘 상황이 안 좋아 미루자고 아무리 권유를 드려도 협박조로 맞겠다고 하기도 합니다. 황당하고 끔찍한데 여기에 사인을 해야만 하는 것 또한 제게 큰 스트레스 였으니까요.
3. 어차피 15~30분 기다려야 하는 상황이라면 이 때 TV 스크린으로 접종 전후로 어떻게 관리해야 하는지 알려주는 동영상을 계속 반복적으로 보여 주는 것이 어르신들에게 알리는 가장 좋은 방법 입니다.
4. 아무리 접종자 수를 늘리는 게 중요하다고 위에서 강요해도 하루 수용할 수 있는 한계가 있습니다. 1일 인원수 조절이 필요합니다. 의사 한명당 볼 수 있는 인원, 그래야 확실하게 상담할 수 있습니다.
5. 서울시에서 접종 전후 주의사항, 이럴 땐 미뤄야 한다는 것, 어르신 들은 화이자 백신을 계속 줄 것이라는 확신 (미루면 아스트라제니카 맞아야 하니 무조건 오늘 맞겠다고 억지 주장 펼치시는 어르신들이 꽤 됩니다.) 이런 전반적인 것에 대한 홍보가 무엇보다 중요합니다. 포괄적이고 대충 그냥 일단 맞으러 오세요는 아닙니다.
예방접종은 부작용이 가장 큰 문제이지만 무엇보다 맞았을 때 항체 형성이 잘 되어야 합니다. 그러려면 왠만하면 상태가 좋을 때 맞아야 합니다. 우린 지금 초유의 사태를 맞이하고 있지만, 그러나 무엇보다 이 백신의 효과와 장 단기적 부작용에 대해 알지 못하는 백신을 실험 중입니다. 그것도 인간한테요. (과장되게 들리실지 모르지만. 어쨌든 사실은 사실이니까요. 백신의 전반적인 걸 평가하기엔 너무 짧은 시간이니까요.) 그러니 제발 제 목소리에 귀 기울여 주시기를 간절히 바랍니다.
여러분의 노고에 감사드립니다.",웹크롤링 성공,검증용137_웹본문포함
PROP-189679,보건소 난소나이검사(AMH) 실리적인 기준 확대 요청의 건.,보건소 난소나이검사(AMH) 실리적인 기준 확대 요청의 건.,2021-03-30,2021,22.0,1,N,https://idea.seoul.go.kr/front/freeSuggest/view.do?sn=189679,임신·난임·생식건강,임신 준비·가임력 지원,가임력검사·난자냉동·예비부부검진,"출산, 임신, 난임",상,직접관련,난소나이,기존 1차 직접키워드 수집,,"안녕하세요. 여러가지 제안을 지켜보던 중에, 지난 2018년도에 제안된 건을 보고 현재 실리적인 상황에 맞게  미혼여성으로 확대 도입해주시길 간곡히 요청드립니다.
[현 상황]
1) 30대후반 이후 여성의 결혼,출산율이 늘어나고 있음.
2) 미혼 여성 중 만 35세 이상 여성 역시 증가
3) 최근 여러사회이슈들 중 난임 시술이 증가함에 따라 알려져 관심이 증대
4) 난임 지원사업이 점차 확대되고 있으나,실질적인 난임을 예방하는것은 사전 검진을 통한 확인 및 대비임.
5) 실질적인 난임 시술은 난자 과배란을 통한 난자 추출을 바탕으로 진행되나 가장 중요한 것은 '난자의 질(Quality)'임. 난자는 의학적으로 하루라도 빠르게 냉동할수록 확률이 높아지며, 결혼이 예정에 없더라도 자신의 난자보유상태에 따라 현실적인 대비가 필요함.
6) 결혼 이후 임신 준비를 시작하면 이미 때늦은 경우가 될 수 있음.
7) 최근 난임전문의료진들이 진행하는 유튜브채널에서 보건소에서 AMH검사가 가능하다는 정보가 공유되어 정보를 알게되는 대상자가 많아짐
https://youtu.be/SJLsfc3LgIc
8) 서울시에서 2018년도 시범사업으로 진행되었던 난소나이검사는  일부 극히 적은 지역에서만 산전검사에 포함되어 진행, 또는 미진행되었음
9)2021년 현재 지역구별 제각각시행되며, <거주동민>만 해당이 되어 타지역구민은 혜택이 불가함을 확인
10) 본인이 거주하는 성북구는 산전검사를 받은 여성만 받을 수 있으며, 가까운 강북구의 경우 아예 검사를 시행하지 않고 있음.
11)첨부파일 참고 시, 2018년 서울시 유관부서의 답변에 따르면 ""35세 이상 여성을 대상으로 혼인 전
？
？검사를 통해  난소 나이를 측정 후  불임에 대한 예방적 대처를 통해 출산성공율을 높일수 있을 것이다"" 라는 답변이 있으나, 실제 검사는 미혼 35세 이상의 여성은 혜택을 받지 못하고 '기혼'에게만 해당이 됨. 난자를 냉동하는 등의 예방적 대처는 '결혼'이 필수조건이 아님.
<결론>
현재 기혼 35세이상 여성에게만 한정하여 제공하는 난임관련 필요한 검사는 미혼여성들이 실질적으로 예방대처를 할 수 있도록 개정되어야한다고 봅니다.
또한, 각 거주민이 해당 관할 보건소에서만 진행해야한다면 동일하게 시행하지 않는 곳 없도록 전체적으로 동일하게 집행해주세요.",웹크롤링 성공,검증용137_웹본문포함
PROP-188658,북서울 꿈의숲 유아숲체험장,북서울 꿈의숲 유아숲체험장,2020-10-25,2020,12.0,2,N,https://idea.seoul.go.kr/front/freeSuggest/view.do?sn=188658,정보·상담·교육·거버넌스,정보 접근성,일반 출산정책 안건,교육·프로그램: 체험 + 유아,중,조합관련,교육·프로그램: 체험 + 유아,2차 문맥조합 수집,,"근처 공원이라 북서울 꿈의숲에 아이들을 데리고 자주 산책을 갑니다 넓고 경치가 좋아 어른들 산책하기는 참 감사하고 좋으나 아이들 놀곳이 전망대 쪽 놀이터 뿐이라 항상 북적인다 생각하고 있었는데 최근 아래쪽에 유아숲체험장이 생긴것을 발견했습니다
반가운 마음에 아이들과 가보았는데 기대와 달리 휑한 모습에 실망치 않을 수 없었습니다
근래 일이 생겨 지방에 갔다가 지방 숲놀이터를 갔었는데 넘 비교가 되는 거 같아 제안합니다 아이들이 숲체험을 더 즐겁게 할 수 있도록 북서울 꿈의숲 공원  규모와 명성에 맞는 숲놀이터가 생겼으면 하는 바램입니다
첨부사진은 정읍에 있는 아양사랑숲이라는 곳입니다 다양한 테마와 시설로 아이들이 즐거운 숲체험을 하고 있는 모습이 부러웠습니다",웹크롤링 성공,검증용137_웹본문포함
PROP-188280,기업들의 직원식당을 이용하여 현재의 엄마아빠 미래의 엄마아빠가 아이들에게 따뜻한 밥을 제공해줍시다.,기업들의 직원식당을 이용하여 현재의 엄마아빠 미래의 엄마아빠가 아이들에게 따뜻한 밥을 제공해줍시다.,2020-08-25,2020,7.0,2,N,https://idea.seoul.go.kr/front/freeSuggest/view.do?sn=188280,정보·상담·교육·거버넌스,정보 접근성,일반 출산정책 안건,엄마아빠,상,직접관련,엄마아빠,확장 1차 생활키워드 수집,,"안녕하세요.
직장생활 중인 직장인 입니다.
기업들이 모여있는 건물이나 기업사옥들을 보면 직원식당이 있습니다. 이러한 직원식당을 활용하여 끼니를 챙기기 힘든 아이들에게 식사를 제공할 수 있다면 얼마나 좋을까 해서 이러한 아이디어를 내봅니다.
직원들이 이용하는 식당인 만큼 질좋고 영양가 있는 식단들이 골고루 나오는 장점이 있습니다.
직원들이 붐비게 사용하는 점심식사시간이 아닌 조금 일찍은 시간이나 직장인들의 점심시간을 20분만 빗겨나가도 아이들이 충분히 영양가 있고 좋은 음식을 더욱 안전하고 쾌적한 곳에서 제공 받을 수 있다고 생각합니다.
사실 직원식당을 이용해보면 생각보다 음식을 여유있게 만드셔서 항상 남아서 버려지는 것을 보게됩니다. 쓰레기를 매립할 장소도 부족한 요즘, 버리는 것이 아닌 필요한 곳에 나누는 것도 우리나라를 이끌어가는 기업들이 동참해야하는 것이라 생각합니다.
또한 이러한 어린이 무료식사제공을 참여하는 기업에는 서울시에서 어떠한 혜택을 제공한다고 하면 기업이미지와 상생하는 모습을 마케팅으로 활용 할 수 있는덕에 참여하는 곳은 많아질 거라 생각합니다.
또한 사춘기를 겪고있는 아이들이 가장 걱정하는 또래아이들의 눈치와 놀림거리보다는 현재의 엄마아빠 미래의 엄마아빠의 따뜻한 시선을 느낄 수 있는 장소라고 생각합니다.
자녀를 키우고있는 부모 어느누가 ""너 공짜밥 먹구나. 너 집이 형편이 안되구나"" 라고 말하겠습니까.
아이들이 편의점에 몇안되는 구석자리에서 매일같이 컵라면과 삼각김밥을 먹고 끼니를 때운다고 생각하면 마음이 아픕니다.
매일 영양가 있게 짜여진 식단, 비가와도 눈이와도 쾌적한 공간에서 밥을 먹을 수 있는 권리를 찾아주는 것은 2020년을 살아가는 어른인 우리에게 주어진 숙제라 생각합니다.
밥먹고살기가 힘들어는 옛말인줄 알았습니다. 자라나는 아이들에게는 해당안되는 말인줄 알았습니다.
미래의 희망이 무궁무진한 아이들에게 따뜻한 밥을 제공해 줄 수있는 방안이 많이 생겨났으면 좋겠습니다.",웹크롤링 성공,검증용137_웹본문포함
PROP-187426,어린이보호구역횡단보도전면차단기설치및인도난간재정비필요,어린이보호구역횡단보도전면차단기설치및인도난간재정비필요,2020-05-24,2020,0.0,0,N,https://idea.seoul.go.kr/front/freeSuggest/view.do?sn=187426,정보·상담·교육·거버넌스,정보 접근성,일반 출산정책 안건,아동_안전환경: 안전/보호구역 + 부모,중,조합관련,아동_안전환경: 보호구역 + 어린이,2차 문맥조합 수집,,"어린이보호구역횡단보도 전면차단기설치 및인도난간무단횡단방지용으로재정비가 필요하다고생각됨.
법으로 중하게하는것도중요하지만 먼저 물리적으로최대한 사고를예방하는것이 더중하다생각됨.
횡단보도같은경우 보행자측 차람측4면에 차단기를설치하면 차량은 아무래도속도를낼수없고 보행자측도 무단횡단을어느정도방지할수있음.만약차량이 속도조절을못해 차단기파손이나 속도위반이되었을경우 기존에받았던처벌에서 기물파손에관한것도더해지며 .보행자가 무단횡단할경우 성인과어린이로 나뉘는데 성인은일반적으로받는처벌수위보다높게받아야한다고생각됨.어린이보호구역인만큼 아이들교육적인면에서 저해된다고봄.만약아이가 위반했을경우 보호자를 대동한교통안전교육을 의무적으로 몇시간이상을 들어야한다고봄.그를어길시 그또한 막중한처벌로 이루어져야함.그래야 이교통안전이라는것이 가정교육으로도 일루어질수있다고생각됨.
그외 횡단보도외인도난간또한 절대로 넘어갈수없고 발헛디딤으로인한 사고방지를위한 무단횡단방지용난간으로꼼꼼한 재정비가필요하다고봄.어디로든지차도로 나갈수없겠끔.
전 운전자인남편과 자식을둘 둔 엄마입니다.요즘민식이법이네뭐네하면서얘기가많더라구요.자식잃은부모나 안타깝게사고난운전자나모두내식구라생각하면 가슴아프겠더라구요.코로나로인해나라살림이말도아닐텐데도그리고 저만이런생각하는거아닐텐데도 꼭쓰고싶었습니다.효과가있을지는모르겠지만 모두가 조금이라도 안전해졌으면좋겠습니다",웹크롤링 성공,검증용137_웹본문포함
PROP-187404,어린이 보호구역 내 어린이 보행규정강화와 부모벌점제.,어린이 보호구역 내 어린이 보행규정강화와 부모벌점제.,2020-05-21,2020,1.0,0,N,https://idea.seoul.go.kr/front/freeSuggest/view.do?sn=187404,보육·돌봄 인프라,어린이집·유치원,보육시설·유아교육,보육,상,직접관련,아동_안전환경: 보호구역 + 어린이,기존 1차 직접키워드 수집,,"어린이 사고예방은
운전자만 조심한다고 될 문제가 아니라고 봅니다.
어린이 안전보행 교육강화
부모교육 및 자녀의 안전보행의무 위반시 누적벌점제로
일정기준의 벌점이 초과됐을 시 보육지원금 삭감과
더이상 삭감할 지원금이 없을시 벌금을 부과하는 방법으로
강력한 계도에 따른 어린이 안전보행 실현이 필요하다고 봅니다.
또한. 어린이보호구역에서 등하교시간에 안전의무 불이행시
가중처벌또한 이루어 져야한다고 봅니다.",웹크롤링 성공,검증용137_웹본문포함
PROP-186896,코로나 아동수당(긴급돌봄쿠폰) 관련,코로나 아동수당(긴급돌봄쿠폰) 관련,2020-04-02,2020,0.0,1,N,https://idea.seoul.go.kr/front/freeSuggest/view.do?sn=186896,출산·산후 초기지원,산후조리,산후조리·산모도우미,"출생, 산후",상,직접관련,긴급돌봄,기존 1차 직접키워드 수집,,"안녕하세요. 이번 코로나19로 코로나 아동수당 계획이 발표되었습니다. 사실상 코로나가 4월에도 계속되고..3-6월 분만하시는 분들은 산후조리원이나 도우미 쓰기도 꺼려지고 집에서만 보내야 하는 분들도 많습니다. 기사에서 해남시는 2020.4-6월 출생아에도 차등 지급을 한다고 명시가 되었는데, 서울은 발표 내용처럼 2020.3월생까지만 지급이 되는지 궁금합니다. 3-6월 지급해서 40만원 지급인데, 2020. 4월-6월 분만예정인 분들도 받았으면 좋겠습니다 :)
다들 수고해주세요!",웹크롤링 성공,검증용137_웹본문포함
PROP-186849,어린이 보호구역 횡단보도에 스크린 도어 설치,어린이 보호구역 횡단보도에 스크린 도어 설치,2020-03-30,2020,5.0,1,N,https://idea.seoul.go.kr/front/freeSuggest/view.do?sn=186849,보육·돌봄 인프라,어린이집·유치원,보육시설·유아교육,"보육, 유치원",상,직접관련,아동_안전환경: 보호구역 + 어린이,기존 1차 직접키워드 수집,,"안녕하세요! 저는 유아교사를 직업으로 삼고 있는 서울 시민 강ㅇㅇ 이라고 합니다 :)
이번 민식이 법이 생겨나면서, 어찌 보면 어린이들을 위해 당연히 생겼어야 할 법이기도 하지요! 하지만 제가 유아들을 교육하면서 느낀 유아들은, 절대 완벽한 통제를 할 수 없다는 것입니다.
유아들은 신체적 욕구가 활발하고 에너지가 많아 뛰는 것을 좋아합니다.
하고 싶은 일 (목표)가 생기면 그 목표만을 바라보고 달려갑니다.
아이를 키우시는 부모님, 유치원, 보육교사 선생님들께서도 모두 공감하실거예요!
그래서 저희가 차를 통제하는 것도 물론 좋지만, 언제 어디서 튀어나올지 모르는 어린이들을 물리적으로나마 막아줄 수 있는 장치를 설치했으면 좋겠습니다.
제가 어떤 장치가 있을까 생각해 보다가 지하철 스크린도어가 생각이 났고, 어린이 보호구역에 한해서 횡단보도에 스크린도어를 설치한다면 조금 더 아이들과 운전자들이 안전한 서울시가 될 수 있지 않을까 생각을 해보았습니다!
물론 도로와 인도가 정확하게 구분이 되지 않은 지역은 추가로 팬스를 설치하거나, 다른 대책들이 필요할 것입니다
어린이들의 안전도, 우리 어른의 안전도 모두 생각할 수 있는 어린이보호구역 횡단보도 스크린도어 설치를 제안해봅니다!",웹크롤링 성공,검증용137_웹본문포함
PROP-186685,"기저귀 전용 배출봉투 제작, 배포","기저귀 전용 배출봉투 제작, 배포",2020-03-16,2020,2.0,0,N,https://idea.seoul.go.kr/front/freeSuggest/view.do?sn=186685,출산·산후 초기지원,출산가구 초기지원,출산지원금·출생축하,"출산, 육아",상,직접관련,기저귀,기존 1차 직접키워드 수집,,"현황 및 문제점
1. 저출산의 문제점중 육아비용 부담이 있으며, 그중
매일 사용 하는 기저귀, 폐기저귀 처리용 종량제
봉투 구입 비용이 있음.
2. 저소득층의  경우 종량제 구입비용도 육아 비용에      부담 될 수 있음
3. 기저귀의 경우 재활용이 가능 함.
4. 병의원,요양원에서 사용하는 기저귀의 경우
분리배출 하여야 하나 비용의 부담으로 혼합배출
하는 사례가 빈번히 발생됨.
5. 기저귀를 재활용 하는 의견이나 폐기소각 하는
의견이 있는데 이 모두 분리배출이 전제조건임.
제안내용
서울시에서 자체적으로 기저귀 전용 배출봉투를
제작하여 가정용은 소형으로 무료 배포,
병의원용은 중대형으로 저렴한 가격에 제공.
기대효과
가정용, 의료용 기저귀의 분리배출이 가능해져
재활용, 폐기시 수훨하게 처리 가능.
가정용배포로 육아비용이 절감 되고,
의료용 혼합배출을 예방 할 수 있음.",웹크롤링 성공,검증용137_웹본문포함
PROP-186626,우리 서울시 만큼이라도  아동수당 추가 지급 하게 된다면 현금으로 지급 하면 좋겠네요,우리 서울시 만큼이라도  아동수당 추가 지급 하게 된다면 현금으로 지급 하면 좋겠네요,2020-03-11,2020,1.0,0,N,https://idea.seoul.go.kr/front/freeSuggest/view.do?sn=186626,다자녀·양육비·생활지원,양육비·생활비 지원,분유·기저귀·아동수당·부모급여,양육,상,직접관련,아동수당,기존 1차 직접키워드 수집,,"아동수당 추가 지급 (추경이 통과되면 상품권으로 동사무소 등에서 지급한다고 뉴스에서 봤는데 이거 문제 아닌가요?
전국적으로 확산되고 있는 코로나와 관련 현 정부시책 및 국민의 다수 의견은 최대한 사람간의 접촉을 피하는 것이 가장 급선무이며 중차대한 예방의 선결과제이다.(
서울시도 사회적 거리두기 하고 있잖아요
)
헌데 아동양육 한시지원의 정책 중 10만원 상당의 지류(상품권 지급)은 다음과 같은 문제점을 야기시켜요.
1. 반드시 대면 접촉을 하게 된다는 점 -동 등 에서 지류로 배부 할 시 아동 가족 그 누군가와는 반드시 대면 접촉을 하게 되는 점
2. 등기 발송 시 또한 등기 수령인과 반드시 대면 접촉을 하게 된다는 점
3. 지류로 받은 아동 가족 중 누군가는 반드시 지류를 쓰기 위하여 지역 시장, 마트 등을 방문해야 한다는 점
4. 위와 같은 상황은 현 정부의 방역시책에 역행할 뿐만 아니라 잠재적 감염상태에 무방비 노출되어 현 사태에 전혀 도움이 되지 않는 점
5. 지류로 배부 하였다 하여도 코로나 사태가 나아질 때 까지 대부분 외출을 삼가 하기 때문에 현 아동에 직접적인 도움이 되지 못한 다는 점
6. 소비가 이루어지지 않기 때문에 아동 가구나 지역경제에 전혀 도움이 되지 못한다는 점
정말 답답한 생각이 들어서 글 올리는데 적어도 서울시에서 만큼은 현금으로 지급 하면 안되나요?
그게 가구에 훨씬 도움이 되고 온라인으로 구매 할 수 있고 사회적 거리두기 정책에도 맞는거 아닌가요?
실시 여부가 아직 미확정이라고 하지만 뉴스를 보다가 참 어이없어서 적어도 우리 서울시 만큼은
만약 한다면 현금으로 지급 했으면 하는 생각에 제안 해 봅니다.",웹크롤링 성공,검증용137_웹본문포함
PROP-186485,코로나로 학원휴원 학원비반환에 대한 제안,코로나로 학원휴원 학원비반환에 대한 제안,2020-02-26,2020,4.0,1,N,https://idea.seoul.go.kr/front/freeSuggest/view.do?sn=186485,주거·교통·도시생활환경,출산가구 주거,신혼부부·출산가구 주거지원,학원비,상,직접관련,학원비,확장 1차 생활키워드 수집,,"코로나19로 많은 자영업자들이 피해를 보고 있습니다.
개학이 연기되고 학생들의 안전을 위하여 많은 학원들도 피해를 감수하고 교육부의 학원 휴원 권고 지침에 따라 코로나19가 더이상 확산되지 않기위해 휴원을 하고 있습니다.
휴원중임에도 불구하고 나가는 월세, 강사월급과 더불어 3월 매출이 없음도 부담스럽지만,
이 상황에서 휴원함으로 다시 되돌려 드려야하는 1주일에서 2주일치의 원비 반환이 현재 매출이 없는 상황에서 너무 힘이 듭니다.
학원비를 현금으로 돌려드리는 대신, 학원에서 재사용하실 수 있는 지역상품권으로 돌려드린다면
학원측에서는 당장 자금부족을 이겨낼 수 있고, 학부모측에서는 학원비로 재사용 하실 수 있으니 양해해주실 것 같습니다.
학원도 자영업자인데, 아이들 건강을 위해 2주 휴원을 합니다. 방학 내내 비수기를 겪고 3월 신학기로 매출을 극복해야하는 시기에
더 어려움을 겪는 학원 원장들에게 힘이 되어주시길 바랍니다.",웹크롤링 성공,검증용137_웹본문포함
PROP-186065,서울시 수유실 찾기 지도 앱 개발 및 출시,서울시 수유실 찾기 지도 앱 개발 및 출시,2019-12-07,2019,0.0,0,N,https://idea.seoul.go.kr/front/freeSuggest/view.do?sn=186065,보육·돌봄 인프라,아동 놀이·체험공간,공공키즈카페·수유실·유아휴게실,영유아,상,직접관련,수유실,기존 1차 직접키워드 수집,,"일전에 식사를 하러 간 식당에서 옆 테이블에서 아이 기저귀를 가는 광경을 목격하고 식욕을 잃고 식사 도중 자리를 뜬 적이 있습니다. 당시에는 너무 불쾌한 경험이었고 그 손님들이 무례하고 비상식적인 사람들이라고 치부했지만 돌이켜 생각해보면 오래된 상가 건물에 위치한 동네 식당의 어디에도 수유실이 없을 거라는 사실은 명백했습니다. 그 부부가 식당 내부가 아닌 다른 어디에서 기저귀를 갈 수 있었을까요?
영유아를 동반해 외출하는 경우 아이의 기저귀를 갈아줄 수유실은 절대적으로 필요한 공간입니다. 때문에 영유아를 데리고 외출할 수 있는 공간이 백화점이나 쇼핑몰처럼 그런 시설이 잘 갖추어진 장소로 한정되기도 하고, 불편함을 무릅쓰고 자가용 뒷자리에서 기저귀를 갈아주는 경우도 많습니다. 자차가 없거나 여건이 안되는 경우에는 타인에게 민폐(?)를 줄 수 있는 공간에서 다른 사람들의 눈총을 받아 가며
어쩔 수 없이 기저귀를 갈아주게 되기도 할 것입니다.
만약 따릉이 앱처럼 지도 기반으로 현위치에서 가장 가까운 수유실이 어디인지 확인할 수 있는 앱이 출시된다면 영유아를 돌보아야 하는 입장에 처한 수많은 사람들에게 큰 도움이 될 것이라 생각합니다. 가임지도 따위가 아니라 이런 어플리케이션이 바로 아이를 낳아 기를 만한 사회를 만들어나가는데 조금이라도 기여할 수 있지 않을까요?
더 나아가 단독 주택 소유자가 담을 허물고 주차장을 만들 때, 베란다나 옥상 등에 태양광 발전 설비를 마련할 때, 친환경 하이브리드 자동차를 구입할 때 정부나 지자체에서 보조금을 지급하는 것처럼 건물주가 리노베이션을 통해 일정 요건을 갖춘 수유실을 마련할 경우 리노베이션 비용의 일부를 지원하는 등의 정책을 편다면 더 바람직할 것 같습니다.
서울시 수유실 찾기 어플리케이션 개발 및 출시와 수유실 신설 시 비용 지원 등에 대한 정책 검토를 희망합니다.",웹크롤링 성공,검증용137_웹본문포함
PROP-185284,이웃 할머니 할아버지 긴급돌봄 지원,이웃 할머니 할아버지 긴급돌봄 지원,2019-09-24,2019,1.0,0,N,https://idea.seoul.go.kr/front/freeSuggest/view.do?sn=185284,보육·돌봄 인프라,초등돌봄,초등돌봄·방과후,어린이집,상,직접관련,긴급돌봄,기존 1차 직접키워드 수집,,"새벽이나 한밤 긴급 돌보미 지원이 필요한 경우가 있습니다
어린이집 등원 전이나, 한밤에 갑자기 일하는 부모가 돌보기 어려울 때 이웃 할아버지 할머니들이 돌봐줄 수 있는 방법이 있으면 좋겠습니다.",웹크롤링 성공,검증용137_웹본문포함
PROP-184886,아이들을 위한 실내 공간에 대한 나의 의견,아이들을 위한 실내 공간에 대한 나의 의견,2019-07-31,2019,3.0,0,N,https://idea.seoul.go.kr/front/freeSuggest/view.do?sn=184886,보육·돌봄 인프라,어린이집·유치원,보육시설·유아교육,유치원,상,직접관련,공간·편의시설: 공간 + 아이,기존 1차 직접키워드 수집,,"저는 아이들을 위한 실내 시설이 더 필요하다고 생각합니다. 왜냐하면 실내 놀이 시설 같은 경우는 대부분 한정적이거나 나이 제한, 키 제한등이 있는 경우가 많은데, 유치원생이나 저학년만 사용할 수 있는 곳이 아닌 고학년들도 신나게 뛰어놀 수 있고, 책도 읽으며, 노래도 부르고 대화도 하면서 게임도 하고 음식도 먹을 수 있는 곳이 생긴다면 많은 고학년 들이 즐길 수 있고 핸드폰중독 연령대가 덜 낮아질 수 있지 않을까라고 생각합니다.",웹크롤링 성공,검증용137_웹본문포함
PROP-184424,생명을 살리는 어린이 안전 모자,생명을 살리는 어린이 안전 모자,2019-04-26,2019,1.0,0,N,https://idea.seoul.go.kr/front/freeSuggest/view.do?sn=184424,보육·돌봄 인프라,초등돌봄,초등돌봄·방과후,어린이집,상,직접관련,아동_안전환경: 안전 + 어린이,기존 1차 직접키워드 수집,,"키가 작은 어린이가 운전자의 시야에 잘 들어오도록 노란 고깔모자 착용
*키가 작은 어린이가 운전자의 시야에 들어오지 않아 교통사고 발생이 잦음
30cm 높이의 고깔모자를 제작하여, 어린이 등하원길 및 야외학습 시 착용토록 안내
- 어린이집, 초등학교, 주민센터 등 고깔모자 만들기 활동 시행
- 추진방법 : 구립어린이집을 1개소를 선정, 4세반 도는 5세반을 대상으로 시험시행후 확산
* 예산등으로 추진이 어려울 경우 평생교육팀과 협력적으로 추진 가능
어린이 교통사고 예방효과뿐만 아니라 학부모 등 보호자에게 심리적 안정을 줄 수 있다고 볼 수 있다",웹크롤링 성공,검증용137_웹본문포함
PROP-184041,"길고양이 입양시 중성화 수술, 예방접종 비용 지원 및 쉼터조성을 통한 길고양이 관련 민원 해소 대책 마련","길고양이 입양시 중성화 수술, 예방접종 비용 지원 및 쉼터조성을 통한 길고양이 관련 민원 해소 대책 마련",2019-03-08,2019,10.0,2,N,https://idea.seoul.go.kr/front/freeSuggest/view.do?sn=184041,보육·돌봄 인프라,아동 건강·의료 접근성,소아응급·야간진료·영유아검진,양육,상,직접관련,예방접종,기존 1차 직접키워드 수집,,"길고양이의 개체수 증가로 인한 소음 및 사체처리 등 주민들의 민원이 빈발하고 있으므로
길고양이들은 제대로 먹이를 찾지 못해 건강을 위협받고 여러 병균에 노출되어 위생상 문제도 발생하고 있어
길고양이를 분양받고자 하는 이들도 분양후 양육비에 대한 부담으로 선뜻 분양받지 못하는 경우가 많음
길고양이 중성화 수술을 통한 개체수 조절 및 효과적인 관리(길고양이 입양시 중성화 수술, 예방접종 비용 지원)
길고양이 쉼터 조성(급식소 마련)을 통한 고양이 관련 민원 해소
외로운 독거노인 등 반려동물을 원하는 사람들에게 분양 후 양육비 보조",웹크롤링 성공,검증용137_웹본문포함
PROP-183924,안전지킴이(아이들에게 기쁨을!),안전지킴이(아이들에게 기쁨을!),2019-02-27,2019,2.0,1,N,https://idea.seoul.go.kr/front/freeSuggest/view.do?sn=183924,보육·돌봄 인프라,가족돌봄,아이돌봄·조부모돌봄,아동_안전환경: 안전 + 돌봄,중,조합관련,아동_안전환경: 안전 + 아이,2차 문맥조합 수집,,"• 어르신을 고용하여 어린이 놀이터, 미니 공원에 설치된 모든 놀이기구 점검 및 시설을 이용하는
아이들 돌봄하여 어르신 일자리 창출 및 아이들 안전사고에 대비하고자 함",웹크롤링 성공,검증용137_웹본문포함
PROP-183129,보건소에서 예비맘을 위한 예비맘 키트를 제공해주셨으면 좋겠어요,보건소에서 예비맘을 위한 예비맘 키트를 제공해주셨으면 좋겠어요,2018-11-27,2018,294.0,25,Y,https://idea.seoul.go.kr/front/freeSuggest/view.do?sn=183129,임신·난임·생식건강,난임 지원,난임시술·주사·시술비,"출산, 임신, 임산부, 난임",상,직접관련,예비맘,기존 1차 직접키워드 수집,,"현재 보건소에서 임산부를 위해서 임신반응검사부터 임신기초 검사를 받을 수 있고 임신확인 후 임산부를 위한 엽산이나 철분제(일정 주수 후)를 선물로 받을 수 있습니다.
엽산은 임신을 준비하고 있는 분들은 챙겨 먹어야하는 영양제입니다. 임신 후에 엽산을 제공받는 것도 좋지만 임신을 준비하는 사람들을 위해서 미리 제공해주는 것은 어떨까요?
예비맘키트라고 해서 배란테스트기와 임신테스트기 그리고 엽산이나 엽산이 들어간 종합영양제를 함께 준다면 좋을 것 같습니다. 추가적으로 임신과 출산에 관련된 국가정책(?)과 책자와 병원리스트(산부인과 및 난임병원)를 넣어서 준다면 임신을 준비하시는 분들에게 도움이 되리라 생각됩니다.",웹크롤링 성공,검증용137_웹본문포함
PROP-181959,어린이 등하원 돌보미 활용방안,어린이 등하원 돌보미 활용방안,2018-08-10,2018,0.0,0,N,https://idea.seoul.go.kr/front/freeSuggest/view.do?sn=181959,보육·돌봄 인프라,초등돌봄,초등돌봄·방과후,어린이집,상,직접관련,등하원,기존 1차 직접키워드 수집,,"30대 후반 맞벌이 부부입니다.
5세, 7세 아이들이 있구요.. 지금은 같은 어린이집을 다니고 있어서
제가 아침일찍 등원을 시키고 출근을 합니다.
하원은 양가 부모님께서 요일별로 나눠서 도와주시구요.
그래도 전 다행인 편에 속합니다.
회사가 가까워서 등원을 시키는 일이 가능하고
양가 부모님이 근처에 사셔서 하원을 도와주시는것도 가능합니다.
그런데 걱정이 하나 있습니다.
내년에는 큰애가 초등학교에 다니게 되어 여러가지 고민거리가 생겼습니다.
1. 등원에 대한 동선. 어린이집과 초등학교 위치가 반대여서 등원을 어떻게 시켜야 할지가 고민입니다.
2. 초등학교 하원 후 케어
- 초등학교는 오후 1시면 끝납니다. 돌봄교실을 신청하거나 학원 뺑뺑이를 돌려야 하는데..
학원 차량까지 연계는 누가 해줄지... 돌봄교실이 끝나고 하원은 누가 도와줄지...
큰 문제는 이 두가지 입니다.
즉, 등/하원의 어려움 입니다.
이래서 초등학교 입학 즈음에는 맞벌이가 외벌이로 바뀔 수 밖에 없다 하더군요..
저희같이 양가 부모님께서 도와주시거나
형편이 되는 가정에서는 도우미를 쓰곤 하는데,
도우미는 보통 180~200정도로 등/하원 뿐만 아니라 가사도우미까지 병행하고 있습니다.
부모 입장에서는 등/하원시만 도와주면 좋은데.. 그렇게되면 시급으로 하루 3시간도 안될거거든요.
그래서 제안드립니다.
ㅇ 도우미 입장 : 근로자로서 일정 수익이 담보되어야 합니다.
ㅇ 부모 입장 :  도우미 비용이 부담되고.. 가사지원 보다는 등/하원이 최 우선으로 필요합니다.
그렇다면..
등/하원시에는 도우미 이용에 대해서는 부모가 부담을 하고 (시급 1만원이면 일 3만원, 월 60만원 정도로 부담이 줄어듭니다)
나머지 시간에는 도움이 필요한 곳에 도우미가 가는 거죠..
도움이 필요한 곳이란? 어린이집 선생님, 장애인돌봄, 노인돌봄, 사회복지사와 같이 월 52시간 근무에서 제외되는
업무들입니다.
어린이집 선생님을 예로 들면..
하루 8시간 풀로 일하고 밥먹을 때에도 아이들과 같이 밥을 먹으면서 한시도 쉴 수 없습니다.
이런 분야에 도우미가 투입되서 2~3시간정도 지원을 해 주시면
어린이집 선생님들도 쉬실 수 있게 되겠죠.
또, 초등학교 저학년 어린이들을 케어하거나
학교 - 학원버스 연계 도우미로도 활용이 가능할겁니다.
비용은 해당 기관에서 일부 부담하고, 일부는 세금으로도 충당하면 좋을거 같습니다.
☆ 등하원 돌보미를 활용한 일자리 창출. 어떤가요?",웹크롤링 성공,검증용137_웹본문포함
PROP-181229,월컴 키즈존 - 아이들과 함께하는 행복한 식사,월컴 키즈존 - 아이들과 함께하는 행복한 식사,2018-05-14,2018,6.0,1,N,https://idea.seoul.go.kr/front/freeSuggest/view.do?sn=181229,보육·돌봄 인프라,아동 놀이·체험공간,공공키즈카페·수유실·유아휴게실,양육,상,직접관련,키즈존,기존 1차 직접키워드 수집,,"제목 : 월컴 키즈존- 아이들과 함께하는 행복한 식사
현황 및 문제점
- 노키즈존은 증가하고 있으나 월컴 키즈존은 부재한 상황임.
- 일반 식당의 경우 어린이 메뉴가 없어 아이 식사에 어려움이 있고,
- 어린이의 경우 식사가 일직 끝나 식당내에서 뛰어다는 상황으로 타인에게 방해를
주는 불가피한 상황이 발생함.
- 식당 공간내 놀이방 유무, 어린이 전용 메뉴 정보르 알고자 하나 안내 정보가
정보가 없어 아이 양육에 힘든 상황이 가중되고 있음
개선방안
- 친절한 도시의 특징을 살리고자 독창적인 사업이 필요함
“월컴키즈존” 알림문 부착, 식당 내 놀이방 설치 유무와 어린이 메뉴에 대한 정보를
제공할 필요성이 있음.
- “월컴 키즈존” 알림문에 놀이방 설치 유무, 어린이 메뉴, 관련정보를 볼 수 있는
QR코드 표기를 통한 정보 제공
- 시청 홈페에지에 메인 정보를 게시하고 시정 톡톡 링크와 알림문 내 QR코드를
통한 해당 식당의 정보 제공
기타
- 공무원의 전수 조사 없이. 관련 협회의 협조 및
식당의 자발적 신청에 따른 업무 진행으로 담당자 업부 피로도 최소화.
기대효과
- 월컴키즈존 (놀이방, 어린이메뉴) 정보 제공에 따른 유아 가구에 대한 식당 이용 정보 제공 등",웹크롤링 성공,검증용137_웹본문포함
PROP-180851,"어린이보호구역 도로교통법위반집중단속하자,,,","어린이보호구역 도로교통법위반집중단속하자,,,",2018-04-10,2018,0.0,1,N,https://idea.seoul.go.kr/front/freeSuggest/view.do?sn=180851,보육·돌봄 인프라,어린이집·유치원,보육시설·유아교육,"어린이집, 유치원",상,직접관련,아동_안전환경: 보호구역 + 어린이,기존 1차 직접키워드 수집,,"1995
년도 어린이보호구역
(
스쿨존
)
제도가 도입되어
유치원
,
초등학교
,
특수학교
,
어린이집
,
학원등의
정문을 중심으로
반경
500
미터이내의 일정구간을 스쿨존으로 지정관리하기위해
스툴존의 도로를 다른색으로 표시해 좋았다
.
2011
년 도로교통법 시행령이 개정되면서
스쿨존내 속도위반
,
신호지시위반
,
횡단보도 보행자 횡단방해 보호불이행
,
주정차금지 위반시에는
범칙금과 벌금을 일반도로에 비해 최대
2
배까지 부과한다
.
요즘 학교주변을 살펴보면
,
운전자들이 알기 쉽게 스쿨존의 도로를 다른색으로 표시해 놓았으나
운전자들은 이를 무시하고 이행하지 않고 불법으로 주차하는 사례가 많다
.
도로교통법에 따라 교통사고의 위험을 사전 예방하기위해
어린이보호구역
(
스쿨존
)
의 각종시설물에 대한 재정비와
도로교통위반자에 대한 집중단속이 필요하다고 본다
.",웹크롤링 성공,검증용137_웹본문포함
PROP-180818,서울시 공공화장실 기저귀교환대 살균소독기 비치,서울시 공공화장실 기저귀교환대 살균소독기 비치,2018-04-07,2018,12.0,2,Y,https://idea.seoul.go.kr/front/freeSuggest/view.do?sn=180818,보육·돌봄 인프라,아동 놀이·체험공간,공공키즈카페·수유실·유아휴게실,"수유실, 기저귀교환대, 기저귀",상,직접관련,기저귀교환대,확장 1차 생활키워드 수집,,"공공화장실
,
수유실 등에 기저귀교환대가 구비된 곳에는 살균소독기도      함께 비치하여 깨끗이 청소하고 사용할 수 있도록 개선합니다
.
첨부파일 참조바랍니다.",웹크롤링 성공,검증용137_웹본문포함
PROP-180721,어린이 보호구역을 넘어 아동ㆍ청소년 보호구역으로 확대 제안,어린이 보호구역을 넘어 아동ㆍ청소년 보호구역으로 확대 제안,2018-03-30,2018,0.0,1,N,https://idea.seoul.go.kr/front/freeSuggest/view.do?sn=180721,보육·돌봄 인프라,어린이집·유치원,보육시설·유아교육,"영유아, 보육, 어린이집, 유치원",상,직접관련,아동_안전환경: 보호구역 + 아동/어린이,기존 1차 직접키워드 수집,,"현재 어린이 보호구역(스쿨존)은 초등학교, 특수학교, 어린이집 등의 주변도로로 한정되어 있습니다. 이에 따라 중ㆍ고등학교 및 청소년 수련시설, 지역아동센터 등의 주변은 학생들의 유동이 많음에도 불구하고 안전이 보장되지 못하고 있습니다.
보도블럭 위 불법주차 차량으로 인해 많은 청소년들은 인도가 아닌 차도로 통행을 해야 하거나, 횡단보도 옆에 주차된 차량으로 인해 시야가 가려져 운전자와 청소년들이 서로를 인지하지 못해 위험한 상황이 발생되기도 합니다.
또한, 어린이 보호구역과 같은 별도의 속도제한 표지판이 없어 노란불에서도 속도를 올려 달리는 차량들도 쉽게 발견됩니다.
따라서, 어린이 보호구역의 지정이 중ㆍ고등학교 및 청소년 수련시설 등으로 확대하여 아동 뿐만 아니라 청소년들의 안전도 보장해야 한다고 생각합니다.
물론 도로교통법 상으로 규정된 사항이기에 제안의 실행이 쉽진 않을 수 있다고 생각이 되지만, 지자치단체에서도 차량 속도 제한 등의 정책은 별도로 진행하는 것으로 알고 있습니다. 지자체 소속 경찰청(서)와 협의하여 속도 제한이나 불법 주정차 단속부터 차례로 시행한다면 우리 청소년들의 안전도 보장할 수 있지 않을까 생각합니다.
<도로교통법>
제12조(어린이 보호구역의 지정 및 관리)  ①
시장등은 교통사고의 위험으로부터 어린이를 보호하기 위하여 필요하다고 인정하는 경우에는 다음 각 호의 어느 하나에 해당하는 시설의 주변도로 가운데 일정 구간을 어린이 보호구역으로 지정하여 자동차등의 통행속도를 시속 30킬로미터 이내로 제한할 수 있다.
1. 「유아교육법」 제2조에 따른 유치원, 「초ㆍ중등교육법」 제38조 및 제55조에 따른 초등학교 또는 특수학교
2. 「영유아보육법」 제10조에 따른 어린이집 가운데 행정안전부령으로 정하는 어린이집
3. 「학원의 설립ㆍ운영 및 과외교습에 관한 법률」 제2조에 따른 학원 가운데 행정안전부령으로 정하는 학원
4. 「초ㆍ중등교육법」 제60조의2 또는 제60조의3에 따른 외국인학교 또는 대안학교, 「제주특별자치도 설치 및 국제자유도시 조성을 위한 특별법」 제223조에 따른 국제학교 및 「경제자유구역 및 제주국제자유도시의 외국교육기관 설립ㆍ운영에 관한 특별법」 제2조제2호에 따른 외국교육기관 중 유치원ㆍ초등학교 교과과정이 있는 학교
② 제1항에 따른 어린이 보호구역의 지정절차 및 기준 등에 관하여 필요한 사항은 교육부, 행정안전부 및 국토교통부의 공동부령으로 정한다.
③ 차마의 운전자는 어린이 보호구역에서 제1항에 따른 조치를 준수하고 어린이의 안전에 유의하면서 운행하여야 한다.",웹크롤링 성공,검증용137_웹본문포함
PROP-180586,서울시 공공화장실 기저귀교환대 살균소독기 비치,서울시 공공화장실 기저귀교환대 살균소독기 비치,2018-03-13,2018,9.0,1,N,https://idea.seoul.go.kr/front/freeSuggest/view.do?sn=180586,보육·돌봄 인프라,아동 놀이·체험공간,공공키즈카페·수유실·유아휴게실,"수유실, 기저귀교환대, 기저귀",상,직접관련,기저귀교환대,확장 1차 생활키워드 수집,,"공공화장실
,
수유실 등에 기저귀교환대가 구비된 곳에는 살균소독기도      함께 비치하여 깨끗이 청소하고 사용할 수 있도록 개선합니다
.
첨부파일 참조바랍니다.",웹크롤링 성공,검증용137_웹본문포함
PROP-180477,어린이보호구역 주정차단속필요&lt;&lt;&lt;,어린이보호구역 주정차단속필요&lt;&lt;&lt;,2018-02-26,2018,0.0,1,N,https://idea.seoul.go.kr/front/freeSuggest/view.do?sn=180477,보육·돌봄 인프라,어린이집·유치원,보육시설·유아교육,"어린이집, 유치원",상,직접관련,아동_안전환경: 보호구역 + 어린이,기존 1차 직접키워드 수집,,"1995
년도 어린이보호구역
(
스쿨존
)
제도가 도입되어
유치원
,
초중등학교
,
특수학교
,
어린이집
,
학원등의
정문을 중심으로
반경
500
미터이내의 일정구간을 스쿨존으로 지정관리하기위해
스툴존의 도로를 다른색으로 표시했다
.
2011
년 도로교통법 시행령이 개정되면서
스쿨존내 속도위반
,
신호지시위반
,
횡단보도 보행자 횡단방해 보호불이행
,
주정차금지 위반시에는
범칙금과 벌금을 일반도로에 비해 최대
2
배까지 부과한다
.
요즘 학교주변을 살펴보면
,
운전자들이 알기 쉽게 스쿨존의 도로를 다른색으로 표시해 놓았으나
운전자들은 이를 무시하고 이행하지 않고 불법으로 주차하는 사례가 많다
.
도로교통법에 따라 교통사고의 위험을 사전 예방하기위해
어린이보호구역
(
스쿨존
)
의 각종시설물에 대한 재정비와
도로교통위반자에 대한 집중단속이 필요하다고 본다
.
그리고
,
어린이 등하교시 교통사고예방을 위한
스쿨존에 대한 안전준수사항 등의 홍보캠페인 등이 필요할 것 같다
.",웹크롤링 성공,검증용137_웹본문포함
PROP-180443,지하철 역 내 수유실 환경개선이 필요해요!,지하철 역 내 수유실 환경개선이 필요해요!,2018-02-21,2018,10.0,1,N,https://idea.seoul.go.kr/front/freeSuggest/view.do?sn=180443,임신·난임·생식건강,임산부 건강·배려,임산부 건강관리·배려,"출산, 임산부, 육아",상,직접관련,수유실,기존 1차 직접키워드 수집,,"안녕하세요.
서울 송파구 임산부 커뮤니티 송송마미입니다.
우리 송송마미는 2015년 부터 엄마들의 친목으로 시작하여 지역사회 모자건강 증진을 위해 활동을 이어오고 있습니다.
건의사항을 쓰기 이전에 우선 시민들이 안전하고 편리하게 지낼 수 있도록 노력해주심에 저희모두 항상 감사 말씀드립니다.
본론으로 들어가서 육아 맘들의 입장에서 조금 더 개선되었으면 하는 부분이 있어 청원말씀드립니다.
지하철 역사 내 수유실 개선문제입니다.
지난 해 송송마미 운영진들이 발로뛰어 송파구 내 수유실 실태를 조사하고 부족한 부분을 채워주십사 청원 드렸었습니다. 그 후 많이 개선되었음을 기대하며 다시금 수유실 실태를 조사하였으나, 별로 달라진 부분이 없기도 하고 심지어 청결이나 편의시설에서 더 열악해 짐을 보고 실망하여 재차 청원말씀 드립니다.
현황 및 문제점으로는 다음과 같습니다.
첫째. 수유실을 이용하려 하면 직원에게 열쇠를 받아야하거나 직원이 없으면 수유실을 이용할 수 없습니다.
둘째. 여름에는 습하고 덥고, 겨울에는 너무 추워서 수유하기에 어려운 환경입니다. 어른들이 이용하는 휴게공간이라면 온도는 그닥 중요치 않을수도 있습니다. 하지만 면역력이 약한 아기들은 1도에도 매우 민감하게 반응합니다.
셋째. 하수구와 쓰레기통에서 냄새가 역류하고, 기저귀갈이대가 청결하지 않아 사용하기에 불쾌한 환경입니다.
넷째. 엄마들이 챙겨야 하지만 급하다보면 물티슈 등을 빠뜨릴때가 있는데 수유실에 비치되지 않아 곤란한 환경입니다.
개선방안으로는 다음과 같습니다.
첫째. 상시 개방이 필요합니다. 지하철이 운영되지 않는 시간은 닫혀 있더라도 운영시간 내에는 언제든 이용할 수 있도록 열려있으면 좋겠습니다.
둘째. 적절한 온도가 필요합니다. 동절기는 최소 22도 이상의 따뜻한 온도, 하절기는 최대26도 이하의 시원한 온도이면 좋겠습니다.
셋째. 위생적인 실내환경이 필요합니다. 구체적으로는 냄새가 역류하지않는 하수구와 쓰레기통이 구비되어 있었으면 좋겠고 기저귀갈이대도 잘 닦여있었으면 좋겠습니다. 주기적으로 환기를 해 주어 실내공기의 쾌적함도 유지해 주세요.
넷째. 각종 물품이 구비되어 있어야 합니다. 기본적인 물티슈, 티슈, 전자렌지, 수유쿠션, 일반쿠션, 1개정도의 아기의자 등이 필요합니다.
출산율이 계속 감소하여 정부에서는 출산장려 정책을 내놓고 있지만 임산부 요구도 반영보다는 다른 방향으로정책을 내고 있습니다.
수유하기 편하고 수유하기 좋은 환경이어야 모유수유율도 높아지고 육아 환경이 개선 되어야(그 밖에 개선되어야 하는 부분이 많지만) 출산율도 높아진다고 생각합니다.
수유하기편하고 쾌적한 환경을 조성함으로써, 지하철 이용 엄마와아가의 지하철 이용 만족도가 높아집니다.
아이와 함께 외출한 엄마는 더이상 더 쾌적한 환경의 수유실을 찾아 헤매지 않아도 되며, 지하철이 편리함을 느낀 엄마들은 자가용으로 이동하는 대신 지하철로 이동하는 선택을 할 수 있습니다. 크게 보면 대중교통이용증가로 인한 교통제증저하, 미세먼지 저하, 매연감소로 인한 대기오염저하 등 기대효과가 매우 광범위하게 크지만, 저희가 추구하는 기대효과는 <육아맘들의 편리한 수유실이용>입니다.
이는 곧 육아환경의 개선으로 이어져 출산률증대까지 이어질 수 있습니다.
여전히 역 내 수유실이 쾌적하지 않다는 이유로 더 나은 환경의 수유실을 찾아다니는 엄마들이 많습니다.
엄마들이 더욱 쾌적하고 위생적인 환경에서 수유 할 수 있도록 역 내 수유실 환경 개선에 힘써주심을 정중히 부탁드립니다.
한번에 바꾸기가 결코 쉽지 않다는 것. 알고 있습니다. 작은 퍼즐하나하나 채워나가다보면 어느새 큰 그림이 맞춰져 있으리라 믿고 작은 변화하나라도 기다리겠습니다. 감사합니다.",웹크롤링 성공,검증용137_웹본문포함
PROP-180422,서울시 25개 자치구청 보건소 예방접종 의료진료기록 평생관리 개선토록 개선,서울시 25개 자치구청 보건소 예방접종 의료진료기록 평생관리 개선토록 개선,2018-02-17,2018,2.0,1,N,https://idea.seoul.go.kr/front/freeSuggest/view.do?sn=180422,보육·돌봄 인프라,아동 건강·의료 접근성,소아응급·야간진료·영유아검진,예방접종,상,직접관련,예방접종,확장 1차 생활키워드 수집,,"● 현황 및 문제점
아기들에게 예방접종은 감염병을 예방하기 위한 가장 효과적인 방법으로 「감염병의 예방 및 관리에 관한 법률」제24조 및 제25조에 따른 정기 및 임시예방접종에 대한 예방접종을 실시한 경우 법 제28조에 따라 예방접종의 기록를 작성하고 보고(전자문서 포함)하도록 하고 있습니다. 또한 질병관리본부는 2002년부터 개인별 예방접종기록을 전산화하는 ‘예방접종등록사업’을 추진하고 있지만 현재까지 예방접종기록의 전산등록이 의무사항은 아닌 사항으로 전산등록을 위한 홍보도 필요하지만 무엇보다 서울시 25개 자치구청 보건소에서 예방접종을 할 경우에는 가능한 전원 전산등록을 하도록 업무 개선토록 하는 것입니다.
사실 전산등록을 안할 경우에 종이로 보존하는 문서는 즉 예방접종 의료기록이 일정기간이 지나면 자동폐기 되므로 성인이 되어서 예방접종진료을 확인하려고 해도 기록이 없어서 확인할 수 있는 방법이 없어서 많은 어려움 겪는 실정으로 개선이 필요한 실정입니다
● 개선방안
서울시에서는 서울시 25개 자치구청 보건소 예방 접종 기록 담당자들과 업무 협의를 통하여 서울시민(아기)들이 서울시 25개 자치구청 보건소에서 예방 접종을 할 경우 특별한 경우를 제외하고 가능한 모두 예방 접종에 대하여 전산에 등록토록 업무를 개선하여 예방 접종 기록을 장기 보존토록 예방접종 업무를 개선토록 하는 것입니다.",웹크롤링 성공,검증용137_웹본문포함
