제안ID,제안제목,제안본문내용,등록일자,연도,공감수,댓글수,답변여부,자치구,임시_대분류,임시_중분류,임시_세분류,임시_생애주기,임시_담당부서,원문URL,웹크롤링_상세본문,크롤링상태,HTTP상태,크롤링오류,출산양육관련여부,분류근거_키워드,분류신뢰도,수집방식,제외사유,대분류,중분류,소분류,보정필터_소스,검토메모
PROP-202342,서울형 신혼주택,https://idea.seoul.go.kr/front/freeSuggest/view.do?sn=202342,2026-07-07,2026,1.0,0,N,미상,주거·교통·도시생활환경,무주택·월세·주거비,무주택 출산가구 주거비,도시생활 기반,저출생사업1팀,https://idea.seoul.go.kr/front/freeSuggest/view.do?sn=202342,서울형 신혼주택 공급방안 입니다. 요즘 전세물량이 줄어 전세구하기가 하늘에 별따기라 하구요. 전세가도 거침없이 상승하고 있습니다. 서울은 높은 전세가와 전세물량 부족을 젊은 청년층이 외곽으로 밀려나고 서울은 점점 늙어가고 있습니다. 서울형 신혼주택은 서울에 거주하거나 직장이 서울에 있는 신혼부부를 서울에 거주할수 잏도록 돕는 방안입니다 우선 공급물량은 재개발 재건축을 통해 공공기여하는 주택을 신혼주택으로 우선 배정하고 서울시 SH가 보유하고 있는 임대주택을 공실이 발생하는대로 신혼 주택으로 절반을 배정하는 방안입니다. 이렇게 확보된 물량을 서울에서 새살림을 차리는 40세이하 결혼 3년 미만 신혼부부에게 주변시세의 70% 보증금을 받고 최대 10년까지 장기 임대하는 방법으로 공급한다면 청년인구의 유출을 막고 저출생 극복과 도시 활성화에 기여 할것입니다. 물론 원하는 모두에게 공급할수는 없지만 그래도 젊은 신혼부부에게는 새출발을 서울시의 지원을 받아 안정적으로 출발하는데 기여할 것입니다. 또한 공공기여된 임대주택에도 신혼부부가 입주한다면 역시 환영할 일이며 이를 제도화 하면 장기적으로 서울의 지속적인 발전에 기여하리라 봅니다 세부적인 시행 방법은 관련부서에서 구체적인 물량확보와 입주자선정등에 대한 계획을 마련하고 전문가왜 시민의 고견을 들어 정하면 될것입니다 진지하게 검토 부탁드립니다.,성공,200.0,,직접관련,"출생, 신혼부부",상,기존 1차 직접키워드 수집,,주거·교통·도시생활환경,출산가구 주거,신혼부부·출산가구 주거지원,추가크롤링7227_상세본문포함,출산양육직접후보
PROP-202333,강변북로(양화대교~성산대교 구간) 야간 보수공사 시작 시간을 심야(24시 이후)로 조정을 요청,https://idea.seoul.go.kr/front/freeSuggest/view.do?sn=202333,2026-07-06,2026,0.0,0,N,미상,보육·돌봄 인프라,야간·주말·긴급보육,야간·주말·긴급보육,영유아·초등 돌봄,돌봄사업팀,https://idea.seoul.go.kr/front/freeSuggest/view.do?sn=202333,"？제목: [제안/민원] 강변북로(양화대교~성산대교 구간) 야간 보수공사 시작 시간을 심야(24시 이후)로 조정을 요청합니다. ？받는 사람: 서울시설공단 도로관리처, 서울시 다산콜센터 (또는 서울시장실 민원함) ？안녕하십니까, 서울시 교통 행정 발전을 위해 늘 애쓰시는 노고에 감사드립니다. ？저는 매일 밤 10시~11시 사이에 강남 대치동 학원에서 공부를 마친 재수생 자녀를 태우고, 강변북로를 이용해 일산 자택으로 퇴근 및 귀가하는 고양시민입니다. ？최근 강변북로 양화대교 ~ 성산대교 구간에서 진행되는 야간 보수공사로 인해 발생되는 극심한 교통 정체로 심각한 정신적·육체적 피로를 겪고 있어, 공사 시간대의 현실적인 조정을 간곡히 제안하고자 글을 올립니다. ？현재 밤 10시~11시 전후는 학원 하원 차량, 야근 후 퇴근 차량, 수도권 광역 교통량 등이 여전히 집중되는 시간대입니다. 이 시점에 도로 통제를 시작하다 보니, 강변북로 일산방향 일부 구간이 주차장처럼 마비되고 있습니다. 하루 일과를 마치고 지친 몸으로 귀가하는 시민들과 밤늦게까지 학업에 시달린 학생들에게 이 정체 구간은 너무나 큰 고통입니다. ？이에 다음과 같이 제안하오니 적극 검토하여 주시기 바랍니다. ▶？요청 사항: 강변북로(양화대교~성산대교) 구간의 야간 보수공사 시작 시간을 기존 밤 10시 전후에서, 교통량이 현격히 감소하는 심야 시간대인 24시(자정) ~ 01시 이후로 변경해 주십시오. ▶？기대 효과: 일일 교통 피크 타임 이후로 공사를 전환함으로써 시민들의 야간 귀가길 정체를 최소화하고, 공사 차량과 일반 차량의 엉킴을 줄여 작업자들의 안전 확보 및 공사 효율성도 높일 수 있을 것입니다. ？실무를 담당하는 서울시설공단 관계자분들과 정책을 총괄하시는 오세훈 서울시장님께서 현장의 목소리를 귀담아들어 주시어, 매일 밤 길 위에서 지쳐가는 시민들의 귀가길을 조금이나마 덜어주시기를 간곡히 부탁드립니다. ？긍정적인 검토와 답변을 기다리겠습니다. 감사합니다.",성공,200.0,,직접관련,하원,상,확장 1차 생활키워드 수집,,보육·돌봄 인프라,초등돌봄,초등돌봄·방과후,추가크롤링7227_상세본문포함,출산양육직접후보
PROP-202325,장애인이동지원차량 정체 해소방안,https://idea.seoul.go.kr/front/freeSuggest/view.do?sn=202325,2026-07-05,2026,1.0,0,N,미상,주거·교통·도시생활환경,유모차·교통 접근성,유모차 대중교통 접근성,도시생활 기반,저출생사업1팀,https://idea.seoul.go.kr/front/freeSuggest/view.do?sn=202325,"서울시 거주 중증장애인으로 서울시 장애인콜택시를 출퇴근때마다 이용하는 서울시민의 한 사람입니다. 그래서 누구보다도 출퇴근 시에 장애인콜택시 이용하기가 너무 힘들다는 것을 누구보다도 잘 알고 있습니다. 하지만, 이러한 경우가 일년 내내 있는 것이 아니라, 주로 학생들의 학기 중에 이런 정체현상이 발생한다는 것입니다. 그렇다면 그 가장 큰 이유중에 하나가 장애인 콜택시를 장애인 학생들이 등하교에 이용하고 있기 때문입니다. 하지만, 외국의 사례를 보듯이, 학생들의 등하교는 부모들과 학교가 책임지는 구조입니다. 특히, 학교에서 스쿨버스를 가동하여 학생들의 안전한 등하교를 책임지고 있습니다. 이는 교육청예산으로 지원하여 운영되고 있는 것입니다. 따라서, 서울시도, 장애학생들의 등하교는 서울시교육청에서 지원하는 스쿨버스 운영을 활성화시켜서 그것으로 책임져야 할 것임이 당연하다고 보여집니다. 그렇게 된다면, 일반 시민들이 경제활동과 치료등의 이유로 이동지원차량을 이용함에 정체현상이 대폭 해결될 것으로 보입니다. 또한, 시각장애인들은 시각장애인협회에서 운영하는 심부름차량이 있습니다. 이를 활성화해서 시각장애인들이 이용하게 하고, 원래의 목적대로, 이동지원이 불편한 신체장애인을 위해서 장애인콜택시가 이용되어야 할 것입니다. 이렇게 된다면, 지금의 차량으로도 충분히 효율적으로 장애인이동을 지원할 수 있을 것이며, 학기중에 장애인콜택시 정체현상을 해결하기 위해서 차량을 추가로 마련하고, 운전자를 고용하였다가 방학중에는 놀리게 하는 이런 예산 낭비는 줄어들거라 생각됩니다. 이를 적극적으로 검토해 주시기바랍니다.",성공,200.0,,조합관련,"부모_노동시간: 퇴근 + 부모, 아동_안전환경: 안전 + 부모",중,2차 문맥조합 수집,,일·가정 양립·부모 노동,유연근무·재택근무,부모 노동시간·돌봄 병행,추가크롤링7227_상세본문포함,출산양육직접후보
PROP-202311,공공 발달장애실내 놀이터 조성제안합니다,https://idea.seoul.go.kr/front/freeSuggest/view.do?sn=202311,2026-07-03,2026,4.0,0,N,미상,주거·교통·도시생활환경,공공시설·생활편의,공공시설 어린이 편의,도시생활 기반,저출생사업1팀,https://idea.seoul.go.kr/front/freeSuggest/view.do?sn=202311,"서울시는 서울형 키즈카페를 통해 아이들이 안전하게 뛰어놀 수 있는 공간을 확대하고 있습니다. 하지만 발달장애 아동은 일반 키즈카페를 이용하기 어려운 경우가 많습니다. 더 큰 문제는 아이가 성장할수록 갈 곳이 완전히 사라진다는 점입니다. 유아기에는 일부 키즈카페를 이용할 수 있지만, 초등학교 고학년이 되면 대부분 키 제한이나 연령 제한 때문에 이용이 어렵습니다. 발달장애 아동은 신체는 성장했지만 또래처럼 다양한 여가시설을 자유롭게 이용하기 어려운 경우가 많습니다. 결국 부모들은 아이를 데리고 갈 곳이 없어집니다. 발달장애 아이들은 에너지를 발산하고 감각을 조절할 공간이 꼭 필요하지만, 일반 키즈카페는 연령 제한과 안전 문제로 이용이 어렵고, 일반 실내놀이터는 주변 이용객의 불편과 시선 때문에 오래 머물기 어렵고, 민간 감각통합센터는 치료 목적이거나 이용료가 비싸 자주 이용하기 어렵습니다. 초등학교 고학년, 중학생, 성인 발달장애인을 위한 실내 놀이공간은 사실상 전무한 수준입니다. 서울형 키즈카페는 일반 아동을 위한 공공 놀이공간입니다. 이제는 발달장애 아동과 청소년도 나이에 맞게 안전하게 뛰고, 매달리고, 몸을 움직일 수 있는 공공 감각놀이센터가 필요합니다. 특히 은평구 옛 국립보건원 부지와 같은 대규모 공공부지의 일부를 활용해 서울시를 대표하는 발달장애 감각놀이센터를 조성해 주시기를 제안합니다. 발달장애는 아이가 크면 끝나는 장애가 아닙니다. 오히려 몸이 커질수록 갈 곳은 줄어들고, 부모와 아이는 사회에서 더 고립됩니다. 치료뿐 아니라 평범하게 놀 권리도 보장받을 수 있도록 서울시가 앞장서 주시기를 바랍니다.",성공,200.0,,직접관련,실내놀이터,상,확장 1차 생활키워드 수집,,정보·상담·교육·거버넌스,정보 접근성,일반 출산정책 안건,추가크롤링7227_상세본문포함,외곽주제_수동검토권장
PROP-202292,지하철역 의자 이용 문화 개선,https://idea.seoul.go.kr/front/freeSuggest/view.do?sn=202292,2026-06-30,2026,3.0,0,N,미상,다자녀·양육비·생활지원,생활비·공공요금·문화비,양육 생활비 부담 완화,양육기 생활지원,저출생사업1팀,https://idea.seoul.go.kr/front/freeSuggest/view.do?sn=202292,"안녕하세요. 저는 대원국제중 1학년 학생입니다. 평소 지하철을 이용하면서 한 가지 아쉬운 점을 자주 보았습니다. 많은 사람들이 가방이나 짐을 의자 위에 올려놓아 자리가 부족한 경우가 많았습니다. 특히, 등하교시간, 출퇴근시간에 할머니, 할아버지, 임산부와 어린아이들이 서서 기다리는 모습을 볼 때, 마음이 아팠습니다. 의자는 짐을 놓는 곳이 아니라 사람이 잠시 쉬기 위한 공간이라고 생각합니다. 그래서 제안드립니다. ""자리는 사람에게, 짐은 바닥에 놓아주세요!"" 라는 문구의 안내 스티커 부착을 제안드립니다. 스티커에는 간단한 문구와 그림을 넣어서 이해하기 쉽게 만들 것입니다. 우리나라에는 자연스러운 배려 문화가 있습니다. 하지만 몇 명의 부족한 배려심으로 곤란한 경우가 생기곤 합니다. 스티커를 부착하면 잠시 잊었던 배려를 다시 생각하게 될 것입니다. 스티커 한 장으로 더 많은 사람들이 편안하게 앉아 쉴 수 있을 것이라고 생각합니다. 많은 사람들이 함께 사용하는 공간인만큼 이렇게 서로 배려하는 마음이 필요하다고 생각합니다. 약자를 배려하는 도시, 서울에서 좀 더 편안하게 지하철을 이용할 수 있기를 바랍니다. 감사합니다. (첨부한 사진들은 AI로 생성한 사진입니다.)",성공,200.0,,직접관련,임산부,상,기존 1차 직접키워드 수집,,임신·난임·생식건강,임산부 건강·배려,임산부 건강관리·배려,추가크롤링7227_상세본문포함,출산양육직접후보
PROP-202280,중증정신질환(조현병) 치료 지원 절차 개선 및 지원방안 확대의 건,https://idea.seoul.go.kr/front/freeSuggest/view.do?sn=202280,2026-06-29,2026,0.0,0,N,미상,정보·상담·교육·거버넌스,신청·서류·기준 개선,출산정책 소급·기준 개선,공통 행정·정보,저출생사업1팀,https://idea.seoul.go.kr/front/freeSuggest/view.do?sn=202280,"중증정신질환(조현병) 치료 지원 절차 개선 및 지원방안 확대의 건 입니다. ■ 필요성 및 제안 배경 조현병 투병 환우 중 자타해의 물리적 위협이 없으나 양성 증상이 심한 경우, 물리적 폭력이 없음에도 불구하고 장기간 광범위한 범위로 사회적 비용을 초래합니다. - 112 또는 119 허위 신고로 인한 필수 응급 인력의 행정력 낭비 및 출동 공백 - 가족, 이웃을 비롯한 주변인을 향한 지속적인 정신적 학대로 장기적으로 심각한 피해를 초래하여 공황장애 및 우울증 발병, 제2의 조현병 환자 발생 또는 돌봄가족의 자살 - 자녀 및 배우자, 공동생활인의 사회 적응·취업 실패로 인한 미래 복지 비용 발생 - 예측할 수 없는 광범위한 제3자(환자의 관심사 상에 있는 광범위한 기관과 직원 등)에게 정신적·심리적 피해를 유발하여 지역사회의 생산력 저하 그러나 현행법 상 물자타해 가능성이 없는 조현병 환자는 강제 입원 절차가 복잡하고 어렵습니다. 제3자의 경찰 신고 등 문제가 심화되기까지 기다려야만 하는 수동적 대응밖에 할 수 없는 한계가 있습니다. 또한, 많은 인력(사회복지사, 경찰, 응급이송, 정신건강센터직원 등)을 동원하여 어렵게 입원이 이루어지더라도 퇴원 후 재발합니다. 직업 및 일상 운영 능력이 상실된 환자는 사회 복귀에 어려움이 있기 때문입니다. 이에 따라 장기적으로 보았을 때 더 실질적이고, 진정으로 환자 및 사회의 건강을 도모하는 서비스를 제공할 필요가 있습니다. ■ 대상 : 자타해의 물리적 위협이 없으나 통원 치료가 필요한 조현병 환자 · 강제입원 퇴원 후 재발 관리가 필요한 환자와 그 돌봄가족 등 ■ 해결방안 1. 강제치료지원 신청절차 개선 강제치료 접근성 완화 : 5년~20년 이내 강제입원 이력이 1~2회 이상 있고, 가족 등 주변인 대상 학대를 확인할 수 있는 환자의 증상 관련 자료(사진, 문자, 녹취록 등/6개월~2년 이상의 분량-전문가 의견에 따라 기준 설정)를 제출하는 경우 지자체와 전문기관의 검토 하에 강제치료를 실시할 수 있도록 한다. 2. 치료 내용 확대 장기 지속형 주사제 : 강제 입원은 일시적, 퇴원 후 약물복용은 관리가 어려운 한계가 있습니다. 이에 장기지속형 주사제 투약 치료를 강제적으로 지원할 수 있도록 합니다. 강제입원 절차와 마찬가지로 경찰, 보호 직원을 동원하여 내원, 감독 하에 시행합니다. 2~3개월에 1번 내원하고, 환자의 협조가 이루어지지 않는 경우 강제입원이 가능하다는 것을 사전에 고지합니다. 또는 주 3~5회 이상 낮병동 이용 이력을 제출할 경우 주사제 투약을 면제하는 방법도 있습니다. ■ 기대효과 - 사각지대에 놓인 환자 및 가정 보호 : 제도가 보호하지 못하고 해결책이 없는 상황에 놓인 환자와 그 가족, 이웃, 지역사회구성원을 발견하고 양지로 이끌어 건강한 사회인으로 살아갈 수 있도록 합니다. - 장기적 사회비용 절감 및 예방적 투자 : 장기적으로 보았을 때 부차적인 복지 비용으로 이어질 수 있는 위험 요소를 사전에 관리할 수 있습니다. 행정비용, 정신건강 비용, 노후 비용, 취업지원 비용, 각종 복지 비용 등 - 건강한 사회문화 확립 : 일부 중증정신질환자는 과거 가부장적 사회제도로 사회 교류 기회가 차단된 상황에서 극심한 스트레스로(산후 우울증, 군대 가혹행위 등) 발병했습니다. 불건강한 사회문화의 희생양으로 누구도 알지 못한 고통 속에서 정신질환이 발병하여 또다른 고통을 겪는 이들에게 그들의 치료를 지원하고, 제도적 차원에서 관심을 가질 수 있습니다. 이를 통해 더욱 건강한 사회 문화를 갖추어나가는 기반을 마련합니다. 추가 ■ 중증정신질환의 근본적인 예방을 위한 다양한 정신건강 서비스 개발 및 고도화 - K-ARE : 돌봄을 뜻하는 Care 단어에서 착안한 것으로, 한국형 정신 건강 시스템 및 캠페인을 총칭합니다. 모든 사회구성원이 정신적으로 건강하게 살 수 있도록 하기 위해 끊임없이 노력하는 한국형 돌봄 체계입니다. 정신건강함은 이성적인 상태를 유지하고, 고립되지 않으며, 몰두할 수 있는 ""활동""이 있는 상태를 지향합니다. 이를 위해서는 사회참여활동 또는 기타 하루 6시간 이상 지속 및 몰입할 수 있는 활동이 바탕이 되어야 함을 알리고 그것을 실현시킵니다. - AI 활용 조현병 추적 연구 지원 및 센터 설립 : 조현병의 발병과 치료제, 전세계 환자 데이터, 치료제 연구 등을 지원하고 관련 기관을 설립하여 한국이 세계적으로 정신건강 분야에서 우수한 해결방안을 갖추도록 합니다. 관련 부처: 보건복지부, 국립정신건강센터, 지자체 사회",성공,200.0,,직접관련,산후,상,기존 1차 직접키워드 수집,,출산·산후 초기지원,산후조리,산후조리·산모도우미,추가크롤링7227_상세본문포함,출산양육직접후보
PROP-202272,[시민규제 발굴단]장애인 키오스크의 실질적 사용의 편의성 을 강화하면 좋겠다.,https://idea.seoul.go.kr/front/freeSuggest/view.do?sn=202272,2026-06-27,2026,1.0,0,N,미상,주거·교통·도시생활환경,공공시설·생활편의,공공시설 어린이 편의,도시생활 기반,저출생사업1팀,https://idea.seoul.go.kr/front/freeSuggest/view.do?sn=202272,"장애인 고령자 임산부 등 사회적 약자를 고려한 배리어 프리 키오스크 의무화가 1월 28일부터 전면 시행이 됐다. 하지만 제도의 실효성과 비용 부담의 문제가 있다. 기존 키오스크를 보유한 사업장은 원시적으로 배리어 프리 기기로 교체나 설치를 해야 한다. 바닥면적 50m2 이하의 소규모 공중시설 테이블 주문형 소형 제품 설치 매장은 예외이지만 과학기술정보통신부 검증 기준을 통과한 무인정보 단말기나 보조인력 호출 벨 등 대체수단을 갖춰야 한다. 베리어 프리 키오스크를 설치하지 않으면 3000만 원 이하의 과태료가 부과될 수 있다 하지만 비용 문제, 보조인력이나 호출 벨 도입이 쉽지 않은 경우가 많다. 여러 이유로 실효의 문제 제기가 되고 있다. 물론 사회적 약자를 위한 배리어 프리 키오스크 가 있는 것은 좋지만 무조건 도입만 하라고 하고 어떤 비용이나 현실적으로 사용 설치 등 제반의 문제가 해결돼야 한다고 본다. 일반 키오스크의 경우 시각장애인 이나 그런 분들이 뒷사람눈치 터치 오류 등으로 직원들한테 부탁하는 경우가 많다. 사회적 약자를 위한 키오스크가 있다면 장애인 노약자 임산부 등 그들을 위해 더없이 편의제공이 될 것이다 하지만 완벽하게 베리어프리 키오스크가 앞으로 잘 다른 분들이 이용하기 위해서는 무조건 의무적으로 설치만을 이야기할 게 아니라 현실적인 문제에 더 귀 기울이고 해결해 주려고 노력해야 사회적 약자들에게 실질적 도움을 주는 키오스크가 될 것이라고 생각한다. 베리어프리 키오스크는 정말 사회적 약자를 위해 필수이고 당연히 편리하게 그분들도 키오스크를 사용해야 한다고 생각한다. 하지만 실질적으로 그분들이 얼마나 편하게 사용하고 있을까? 아직도 직원들을 불러 주문하는 사람이 많을 것이다. 키오스크를 설치하는 자영업자나 들을 좀 더 배려고 좀 더 실효성 있는 설치가 되면 좋겠고, 그래야 사회적 약자들에게도 형식적으로 기계가 가게에 설치돼있는 게 아니라 현실적으로 사용할 수 있는 기계가 될 것이라고 생각합니다.",성공,200.0,,직접관련,임산부,상,기존 1차 직접키워드 수집,,임신·난임·생식건강,임산부 건강·배려,임산부 건강관리·배려,추가크롤링7227_상세본문포함,출산양육직접후보
PROP-202255,AI 기반 맞춤형 복지 자동발굴 및 원클릭 신청 서비스 구축 제안,https://idea.seoul.go.kr/front/freeSuggest/view.do?sn=202255,2026-06-25,2026,6.0,0,N,미상,정보·상담·교육·거버넌스,신청·서류·기준 개선,출산정책 소급·기준 개선,공통 행정·정보,저출생사업1팀,https://idea.seoul.go.kr/front/freeSuggest/view.do?sn=202255,"[시민제안서] AI 기반 맞춤형 복지 자동발굴 및 원클릭 신청 서비스 구축 제안 1. 제안 배경 현재 정부부처, 서울시, 자치구, 산하기관, 협회, 공공기관 등에서는 주거, 교육, 의료, 돌봄, 교통, 문화, 생활지원 등 다양한 복지혜택을 제공하고 있습니다. 하지만 대부분의 복지제도는 시민이 직접 정보를 찾아보고, 본인이 대상자인지 확인한 뒤, 별도로 신청해야 받을 수 있는 ‘신청주의’ 방식으로 운영되고 있습니다. 이로 인해 실제로는 복지혜택 대상자임에도 불구하고 제도를 몰라 신청하지 못하는 시민들이 많습니다. 특히 어르신, 장애인, 디지털 소외계층, 인터넷 정보 접근이 어려운 시민, 컴퓨터나 스마트폰 사용이 익숙하지 않은 시민들은 복잡한 자격 요건과 신청 절차를 직접 확인하기 어렵습니다. 복지혜택은 시민의 생활 안정을 위해 마련된 제도입니다. 그러나 정보를 잘 아는 사람만 혜택을 받고, 정보를 모르는 사람은 혜택을 놓치는 구조라면 복지의 본래 목적이 충분히 달성되기 어렵습니다. 따라서 서울시가 시민의 개인정보 제공 동의를 바탕으로 받을 수 있는 복지혜택을 자동으로 찾아주고, 시민이 앱에서 각 혜택별로 신청 또는 거절을 선택할 수 있는 시스템을 구축할 필요가 있습니다. 즉, 복지행정의 방향을 “시민이 직접 찾아서 신청하는 복지”에서 “서울시가 먼저 찾아서 알려주고, 시민이 선택하여 원클릭으로 신청하는 복지”로 전환 하자는 제안입니다. 2. 현행 문제점 1) 복지혜택이 여러 기관에 흩어져 있습니다 복지혜택은 중앙정부, 서울시, 자치구, 공공기관, 산하기관, 협회, 재단 등 여러 기관에 분산되어 있습니다. 시민은 각 기관 홈페이지나 공고문을 직접 확인해야 하고, 신청 기간과 자격 요건도 스스로 판단해야 합니다. 하지만 실제 생활 속에서 모든 복지정보를 시민 개인이 일일이 확인하는 것은 매우 어렵습니다. 2) 신청하지 않으면 받을 수 없는 구조입니다 현재 많은 복지제도는 본인이 신청해야만 받을 수 있습니다. 이 때문에 대상자임에도 불구하고 몰라서 신청하지 못하는 경우가 발생합니다. 복지 사각지대는 소득이나 재산 기준만의 문제가 아니라, 정보 접근성과 신청 능력의 차이에서도 발생합니다. 3) 어르신과 디지털 취약계층은 신청 과정 자체가 어렵습니다 어르신, 장애인, 디지털 기기 사용이 어려운 시민은 본인인증, 서류 제출, 온라인 신청, 기관별 회원가입 등 절차를 진행하기 어렵습니다. 복지제도가 있어도 신청 과정이 복잡하면 실제로는 혜택을 받기 어렵습니다. 4) 복지예산이 필요한 시민에게 충분히 전달되지 못할 수 있습니다 복지예산은 필요한 시민에게 정확히 전달되어야 의미가 있습니다. 그러나 시민이 제도를 몰라 신청하지 못해 예산이 집행되지 않거나 반납되는 경우가 발생한다면, 이는 복지제도의 취지에 맞지 않습니다. 서울시는 복지 대상자를 적극적으로 발굴하고, 시민이 복지혜택을 놓치지 않도록 행정 시스템을 개선해야 합니다. 3. 제안 내용 서울시 차원에서 AI 기반 맞춤형 복지 자동발굴 및 원클릭 신청 서비스 를 구축할 것을 제안합니다. 이 서비스는 시민 본인과 필요한 경우 가족 구성원이 개인정보 제공에 동의하면, 재산, 소득, 직업, 나이, 장애 여부, 가족 구성, 주거 형태, 건강 상태, 교육 여부 등 다양한 정보를 종합적으로 분석하여 받을 수 있는 복지혜택을 자동으로 찾아주는 시스템입니다. 단, 본 제안은 시민의 의사와 관계없이 복지혜택을 무조건 자동 지급하자는 취지가 아닙니다. 시민이 개인정보 제공에 동의하면 시스템이 받을 수 있는 복지혜택을 자동으로 발굴하고, 이를 주거·교육·의료·돌봄·교통·문화·생활지원 등 분야별로 앱에 표시합니다. 시민은 각 혜택별로 ‘신청하기’ 또는 ‘거절하기’를 선택할 수 있으며, 신청하기를 누르면 복잡한 서류 제출 없이 행정정보를 활용해 원클릭으로 접수되도록 합니다. 즉, 핵심 구조는 다음과 같습니다. ※개인정보 제공 동의 → AI 복지혜택 자동발굴 → 분야별 혜택 표시 → 신청하기 또는 거절하기 선택 → 원클릭 신청 → 심사·지급·감면 연계 이러한 방식은 시민의 선택권을 보장하면서도, 몰라서 신청하지 못하는 복지 사각지대를 줄일 수 있습니다. 4. 핵심 기능 1) 개인정보 동의 기반 자동 자격 확인 시민이 개인정보 제공에 동의하면 행정정보를 연계하여 본인이 받을 수 있는 복지혜택을 자동으로 분석합니다. 확인 항목은 다음과 같습니다. -나이 -거주지 -소득 -재산 -직업 -가족 구성원 -장애 여부 -기초생활수급·차상위 여부 -1인가구 여부 -한부모·다자녀 여부 -주거 형태 -건강 상태 -교육·취업 상태 -보훈 여부 등 한국장학재단에서 장학금 심사 시 가구원의 소득과 재산 등을 종합적으로 확인하는 것처럼, 서울시 복지서비스도 시민 동의를 바탕으로 종합적인 자동 확인이 가능하도록 해야 합니다. 2) 분야별 복지혜택 자동 표시 시민이 받을 수 있는 복지혜택을 한꺼번에 복잡하게 보여주는 것이 아니라, 분야별로 나누어 쉽게 확인할 수 있도록 합니다. 분야 자동 표시 대상 주거 임대주택, 전월세 지원, 주거급여, 집수리 지원 교육 장학금, 교육비, 평생교육, 자녀 학습지원 의료 의료비 지원, 건강검진, 장애인 의료지원 돌봄 어르신 돌봄, 장애인 돌봄, 아이돌봄, 가족돌봄 교통 교통비 지원, 장애인 이동지원, 어르신 교통 혜택 문화 문화누리, 체육시설 감면, 공연·전시 지원 생활 생계지원, 공공요금 감면, 식비·생활비 지원 고용 취업지원, 직업훈련, 청년·중장년 일자리 지원 이렇게 하면 시민은 본인이 받을 수 있는 혜택을 쉽게 확인할 수 있고, 필요한 혜택만 선택하여 신청할 수 있습니다. 3) 신청하기·거절하기 버튼 도입 각 복지혜택마다 시민이 직접 선택할 수 있도록 ‘신청하기’와 ‘거절하기’ 버튼 을 제공합니다. 예시는 다음과 같습니다. 표시 항목 기능 신청하기 해당 혜택을 원클릭으로 신청 거절하기 원하지 않는 혜택은 신청하지 않음 나중에 보기 현재 신청하지 않고 보류 자세히 보기 지원 내용, 금액, 조건, 기간 확인 문의하기 담당기관 또는 주민센터 상담 연결 이를 통해 시민은 자신에게 필요한 혜택만 선택할 수 있고, 원하지 않는 혜택은 거절할 수 있습니다. 이는 복지행정의 적극성과 시민의 자기결정권을 함께 보장하는 방식입니다. 4) 원클릭 신청 및 서류 간소화 시민이 ‘신청하기’를 누르면 이미 동의한 행정정보를 활용하여 가능한 범위에서 자동으로 신청서가 작성되고 접수되도록 합니다. 기존에는 시민이 여러 서류를 직접 준비해야 했지만, 서울시와 관련기관이 보유한 행정정보를 활용하면 서류 제출 부담을 크게 줄일 수 있습니다. 추가 확인이 필요한 경우에는 문자, 알림톡, 앱 푸시 등을 통해 간단히 보완하도록 합니다. 5) 서울형 원스톱 복지 지갑 기능 시민이 본인의 복지 현황을 한눈에 확인할 수 있는 서울형 복지 지갑 기능을 도입합니다. 복지 지갑에서는 다음 내용을 확인할 수 있습니다. -내가 받을 수 있는 혜택 -현재 신청 가능한 혜택 -신청 완료된 혜택 -심사 중인 혜택 -이미 수령한 혜택 -거절한 혜택 -나중에 다시 볼 혜택 -신청 기간이 다가오는 혜택 -조건 미달로 제외된 혜택 -제외 사유와 보완 가능 사항 특히 “왜 이 혜택을 받을 수 있는지”와 “왜 어떤 혜택은 받을 수 없는지”를 쉽게 설명해 주면 시민의 이해도와 행정 신뢰도가 높아질 것입니다. 6) 어르신·디지털 소외계층 맞춤형 앱 개발 어르신들도 쉽게 이용할 수 있도록 단순하고 직관적인 앱을 개발해야 합니다. 주요 기능은 다음과 같습니다. -큰 글씨 -쉬운 용어 -음성 안내 -단순한 메뉴 구성 -알림톡·문자 안내 -버튼 최소화 -보호자 연동 기능 -주민센터 상담 연결 -복지관 방문 지원 연결 앱 사용이 어려운 시민을 위해서는 동주민센터, 복지관, 경로당, 장애인복지관 등에서 직원이나 복지상담사가 동의 등록과 복지 조회를 도와주는 오프라인 창구도 함께 운영해야 합니다. 7) 가족 동의 기반 복지 자동관리 복지혜택 중에는 본인뿐 아니라 가족 구성원의 소득, 재산, 나이, 장애 여부, 부양 여부 등이 필요한 경우가 많습니다. 따라서 가족 구성원이 각각 개인정보 제공에 동의하면 가족 단위로 받을 수 있는 복지혜택을 자동 분석할 수 있도록 해야 합니다. 예를 들어 다음과 같은 기능이 가능합니다. -부모님이 받을 수 있는 어르신 복지혜택 확인 -자녀가 받을 수 있는 장학금·교육비 지원 확인 -장애 가족이 받을 수 있는 돌봄·교통·의료지원 확인 -한부모·다자녀 가구의 생활지원 확인 -가족 전체의 주거지원 가능성 확인 이를 통해 가족이 함께 어르신이나 취약계층의 복지혜택을 놓치지 않도록 관리할 수 있습니다. 8) 개인정보 보호와 시민 선택권 보장 본 서비스는 개인정보를 활용하는 만큼 시민의 동의와 선택권이 반드시 보장되어야 합니다. 따라서 다음 원칙을 적용해야 합니다. -시민 동의자에 한해 서비스 제공 -필요한 정보만 최소한으로 활용 -가족 정보는 가족 본인 동의 필수 -개인정보 이용 목적 명확히 표시 -개인정보 조회 내역 공개 -언제든지 동의 철회 가능 -원하지 않는 혜택은 거절 가능 -거절한 혜택도 나중에 다시 확인 가능 이러한 장치를 통해 개인정보 보호와 복지 접근성 향상을 함께 달성할 수 있습니다. 5. 세부 추진 계획 ○ 1단계: 서울시 복지혜택 통합 데이터베이스 구축 정부부처, 서울시, 자치구, 산하기관, 협회, 공공기관 등에서 운영하는 복지혜택 정보를 하나로 통합합니다. 각 복지사업별로 다음 정보를 표준화합니다. -사업명 -담당기관 -지원대상 -소득 기준 -재산 기준 -연령 기준 -가족 구성 기준 -거주지 기준 -신청 기간 -신청 방법 -필요 서류 -지급 방식 -원클릭 신청 가능 여부 -자동 감면 가능 여부 -중복 수혜 가능 여부 -문의처 ○ 2단계: AI 기반 자동 매칭 시스템 구축 시민의 동의 정보를 바탕으로 각 복지사업의 자격 요건과 시민 정보를 자동 비교하는 AI 기반 매칭 시스템을 구축합니다. AI는 단순 안내를 넘어 시민이 받을 수 있는 혜택을 우선순위별로 정리하고, 신청 가능성, 신청 필요 여부, 추가 확인 사항을 알려주도록 합니다. ○ 3단계: 원클릭 신청 절차 도입 법령과 제도상 가능한 복지혜택부터 원클릭 신청 절차를 단계적으로 도입합니다. 시민이 앱에서 ‘신청하기’를 누르면 이미 동의한 행정정보를 활용해 신청서가 자동 작성되고, 필요한 기관으로 접수되도록 합니다. 추가 확인이 필요한 경우에는 앱, 문자, 알림톡 등을 통해 안내하고, 주민센터 방문 지원과 연결합니다. ○ 4단계: 어르신·취약계층 우선 시범사업 실시 먼저 복지 사각지대가 발생하기 쉬운 계층을 대상으로 시범사업을 실시합니다. 우선 대상은 다음과 같습니다. -만 65세 이상 어르신 -장애인 -기초생활수급자 -차상위계층 -독거노인 -한부모 가정 -다자녀 가정 -저소득 청년 -1인가구 -디지털 소외계층 1~2개 자치구에서 시범 운영한 후 문제점을 보완하여 서울시 전체로 확대합니다. ○ 5단계: 주민센터·복지관 연계 현장 지원 앱이나 온라인 사용이 어려운 시민을 위해 동주민센터, 복지관, 노인복지관, 장애인복지관, 가족센터 등과 연계한 현장 지원 체계를 구축합니다. 주민센터에서는 다음 업무를 지원할 수 있습니다. -개인정보 제공 동의 등록 -가족 동의 연결 -받을 수 있는 혜택 확인 -신청하기·거절하기 선택 지원 -추가 서류 제출 지원 -원클릭 신청 처리 지원 -미수령 사유 확인 -담당기관 상담 연결 6. 기대 효과 1) 몰라서 못 받는 복지 사각지대 해소 시민이 복지제도를 몰라 신청하지 못하는 문제를 줄일 수 있습니다. 특히 어르신, 장애인, 디지털 취약계층, 저소득층 등에게 실질적인 도움이 됩니다. 2) 신청주의 복지의 한계 극복 복지행정이 시민에게 신청을 요구하는 방식에서 벗어나, 서울시가 먼저 대상자를 찾아 알려주고 원클릭 신청까지 연결하는 적극행정으로 발전할 수 있습니다. 3) 시민 선택권 보장 시민은 각 혜택별로 신청하기 또는 거절하기를 선택할 수 있습니다. 따라서 원하지 않는 혜택을 강제로 받는 문제가 없고, 시민의 자기결정권도 보장됩니다. 4) 복지예산의 정당한 집행 복지예산은 남겨서 반납하는 돈이 아니라 필요한 시민에게 전달되어야 하는 예산입니다. 자동발굴 및 원클릭 신청 시스템을 통해 복지예산이 본래 목적에 맞게 집행될 수 있습니다. 5) 행정 효율성 향상 반복적인 민원 안내, 서류 누락, 잘못된 신청, 중복 문의를 줄일 수 있습니다. 공무원은 단순 안내보다 실제 위기가구 발굴과 상담에 더 집중할 수 있습니다. 6) 시민 신뢰도 향상 시민은 본인이 받을 수 있는 혜택, 이미 받은 혜택, 거절한 혜택, 받을 수 없는 이유를 투명하게 확인할 수 있습니다. 이는 서울시 복지행정에 대한 신뢰를 높이는 효과가 있습니다. 7) 전국 확산 가능한 선도 모델 구축 서울시가 AI 기반 복지 자동발굴 및 원클릭 신청 서비스를 선도적으로 구축하면, 향후 중앙정부와 다른 지방자치단체로 확산 가능한 새로운 복지행정 모델이 될 수 있습니다. 7. 결론 복지혜택은 정보를 잘 아는 사람만 받는 제도가 되어서는 안 됩니다. 특히 어르신, 장애인, 저소득층, 디지털 취약계층처럼 더 많은 도움이 필요한 시민일수록 복지정보를 찾고 신청하는 과정에서 어려움을 겪는 경우가 많습니다. 이제는 시민이 직접 찾아서 신청하는 복지에서 벗어나, 서울시가 시민의 동의를 바탕으로 먼저 찾아주고, 시민이 필요한 혜택을 선택하여 원클릭으로 신청할 수 있는 복지행정으로 나아가야 합니다. 본 제안은 무조건 자동수령을 강제하는 방식이 아니라, 받을 수 있는 혜택을 자동으로 찾아주고 시민이 신청 또는 거절을 선택할 수 있도록 하는 방식입니다. 서울시가 AI 기반 맞춤형 복지 자동발굴 및 원클릭 신청 서비스 를 구축한다면, 몰라서 못 받는 복지혜택을 줄이고 시민이 체감하는 따뜻한 스마트 복지도시로 도약할 수 있을 것입니다. 복지예산은 남겨서 반납해야 하는 돈이 아니라, 필요한 시민에게 정확히 전달되어야 하는 시민의 생활 안전망입니다. 서울시가 “몰라도 놓치지 않는 복지”, “시민이 쉽게 선택하는 복지”, “먼저 찾아주는 따뜻한 복지행정” 을 실현해 주시길 제안합니다.",성공,200.0,,직접관련,"아이돌봄, 다자녀, 한부모",상,기존 1차 직접키워드 수집,,보육·돌봄 인프라,가족돌봄,아이돌봄·조부모돌봄,추가크롤링7227_상세본문포함,출산양육직접후보
PROP-202202,"서울시 주택,교통난 해소 제안",https://idea.seoul.go.kr/front/freeSuggest/view.do?sn=202202,2026-06-18,2026,0.0,0,N,미상,주거·교통·도시생활환경,무주택·월세·주거비,무주택 출산가구 주거비,도시생활 기반,저출생사업1팀,https://idea.seoul.go.kr/front/freeSuggest/view.do?sn=202202,"서울은 주택가격이 천정 부지로 치솟아 젊은이들이 외곽 경기도에서 육아하며, 출퇴근 전쟁을 치르고 있습니다. 참 안타까운 일이지요 한강 가운데 주택을 건설하고, 수상교통수단-육상교통수단을 연계 이용하도록 하면 안될까요? 한강 가운데 고층 건축도 기술적으로 충분히 가능할것 같은데요",성공,200.0,,직접관련,육아,상,기존 1차 직접키워드 수집,,일·가정 양립·부모 노동,유연근무·재택근무,부모 노동시간·돌봄 병행,추가크롤링7227_상세본문포함,출산양육직접후보
PROP-202194,서울 버스 정류장의 문제점과 개선의 필요성,https://idea.seoul.go.kr/front/freeSuggest/view.do?sn=202194,2026-06-17,2026,64.0,2,N,미상,주거·교통·도시생활환경,유모차·교통 접근성,유모차 대중교통 접근성,도시생활 기반,저출생사업1팀,https://idea.seoul.go.kr/front/freeSuggest/view.do?sn=202194,"""잘 보이도록 만드는 것이 훌륭한 서비스라고 생각합니다."" 평소에 대중교통을 주로 이용하고 있으며, 서울시의 대중교통 시스템은 세계적으로 우수하지만, 이용과정에서 겪는 불편한 점이 있습니다. 버스 정류장 이름과 버스 정류장 번호(ID)가 멀리서 잘 보이지 않는다는 점 입니다. 관련하여 현황 및 문제점과 개선사항, 그리고, 스마트하고 안전한 생활 플랫폼으로 탈바꿈하길 바라는 버스 정류장 개선 디자인(안)을 제안드립니다. 1. 현황 및 문제점 첫째, 버스정류장 이름과 버스정류장 번호(ID)의 가독성이 부족합니다. 특히, 처음 찾아간 곳일 경우에는 더욱 버스 정류장 찾기가 쉽지가 않았습니다. 그리고 2차선 버스 전용차로나 4차선 이상 넓은 도로에서는 버스 정류장 이름과 버스 정류장 번호가 잘 보이지 않았고, 어느 방향으로 가야 할지? 헷갈리는 경우가 자주 발생했습니다. 둘째, 어르신과 외국인 관광객에게는 더욱 큰 불편함으로 다가옵니다. 실제로, 어떤 어르신께서 버스를 타는 곳을 물어보셔서 이리저리 찾아보니, 잘 찾을 수가 없었고, 어느 쪽이 맞는지 몰라서 , 함께 이동했다가 주위에 지나가는 분들에게 다가가서 다시 문의해 보기도 했으며, 해당 정류장이 아니어서 다시 길을 건너온 적도 있었습니다. 또한, 외국인이 버스 탑승 위치를 물어봤을 때에도 버스 정류장 이름과 버스 정류장 번호를 쉽게 찾지 못했고, 친절하게 알려주고는 싶었으나, 한참을 왔다 갔다하면서 다른 분들에게 문의해 보는 등 낭패를 봤던 경험이 있었습니다. 셋째, 시민과 교통약자를 위한 버스정류장 디자인 개선이 필요합니다. 요즘처럼 더운 날씨와 한겨울 추운 날씨에는 작은 불편함도 시민들에게는 큰 피로로 다가올 수 있습니다. 매년 수많은 관광객이 서울시를 방문하고 있으며, 서울의 도시 디자인과 미관도 중요하다고 생각합니다. 하지만, 무엇보다도 시민과 방문객들이 쉽고 편리하게 대중교통을 이용하여 목적지까지 안전하게 도착하는 것이 더욱 중요하다고 생각합니다. 특히, 고령화 사회로 접어든 지금, 어르신들의 이동 편의성과 교통 약자의 접근성을 높이고, 외국인 관광객들이 서울 대중교통을 쉽게 이용할 수 있도록 버스 정류장 이름과 버스 정류장 번호(ID)의 글씨 크기와 위치, 가독성 을 개선하는 방안이 적극 검토되었으면 좋겠습니다. ""잘 보이도록 만드는 것이 훌륭한 서비스라고 생각합니다.!!"" 작은 변화 하나가 시민들의 일상을 훨씬 편리하게 만들 수 있습니다. 되도록 빠른 시일 내에 서울 버스 정류장 이름과 버스 정류장 번호(ID)가 누구나 한 눈에 알아볼 수 있도록 개선되기를 기대합니다. 2. 개선사항 제안 첫째, 버스 정류장 이름의 글씨 크기를 확대하여 멀리서도 쉽게 확인할 수 있도록 개선해 주세요. 둘째, 버스 정류장 번호(ID)의 글씨 크기를 확대하여 시민들이 보다 편리하게 식별할 수 있도록 개선해 주세요. 셋째, 버스 정류장 이름과 정류장 번호(ID)를 멀리서도 한눈에 확인할 수 있는 위치에 배치하여 이용 편의성을 높여 주세요. 넷째, 교통약자, 시각장애인, 장애인, 고령자, 초행길 이용자 등을 위해 음성 안내 기능을 확대하여 목적지까지 보다 편안하고 안전하게 이동할 수 있도록 안내 서비스를 강화해 주세요. 다섯째, 시민 편의 증진과 안전한 대중교통 이용 환경 조성을 위해 공중화장실 안내 기능과 위험하거나 응급상황 발생 시 도움을 요청할 수 있는 안전지원(SOS) 기능을 추가해 주세요. 현재 버스 정류장은 버스 운행 정보 제공 기능에 중점을 두고 있어 늦은 밤이나 위험 상황, 응급상황 발생할 경우에 시민들이 즉시 도움을 요청할 수 있는 안전지원 기능이 다소 부족한 실정입니다. 이에 따라 시민들이 위급한 상황에 신속하게 도움을 받을 수 있도록 안전지원(SOS) 기능을 도입하고, 관계기관 또는 담당 기관과 연결되는 체계를 마련하는 방향으로 개선되었으면 합니다. 아울러, 오작동이나 장난 사용을 방지하기 위해 2단계 확인 절차를 도입하고, 허위 신고 또는 반복적인 장난 호출시에는 관계 법령에 따라 과태료 부과 등 제재 조치가 적용될 수 있다는 안내 문구도 함께 제공하면 좋을 것으로 생각합니다. 마지막으로, 버스 정류장이 단순히 버스를 기다리는 공간을 넘어 시민의 안전과 편의를 지원하는 생활 플랫폼 공간으로 발전하기를 기대합니다. 3. 스마트하고 안전한 생활 플랫폼, 버스 정류장 개선 디자인(안) 제안 버스 정류장 디자인(안)을 몇 가지 제안드립니다. AI 시대를 맞아 사회 환경과 시민들의 생활 방식도 빠르게 변화하고 있으며, 이러한 변화는 이미 우리의 일상 속에서 자연스럽게 체감되고 있습니다. 이에 따라 버스 정류장 역시 단순히 버스를 기다리는 공간을 넘어, 누구나 쉽고 편리하게 이용할 수 있는 ""스마트하고 안전한 생활 플랫폼 공간"" 으로 변화할 필요가 있다고 생각합니다. 특히, 초행길 이용자, 어르신, 장애인, 임산부, 어린이 동반 가족 등 다양한 시민의 이용 편의를 고려한 디자인 관점에서 미래형 버스 정류장 디자인 을 생각하고 어느 정도 구상하여 만들어 보았습니다. 향후 버스 정류장이 이러한 방향으로 개선되기를 바라는 마음을 담아 디자인 시안을 만들어 보았으며, 본 디자인은 시안으로 유연하게 보아 주시기를 바라며, 상황에 따라 버스 정류장 개선을 단계별로 진행하여 주셔도 좋을 것 같습니다. 아울러, 본 디자인은 시민들과 교통 약자에게 도움을 드리고, 위험하거나 응급상황이 발생할 경우에도 도움이 되었으면 하는 간절한 마음이 담겨져 있습니다. 시민 중심의 안전하고 편리한 대중교통 환경 조성에 조금이나마 도움이 되기를 기대해 봅니다. 시민의 작은 불편함에 귀 기울인 변화가 모두가 안전하고 편리하게 이용할 수 있는 도시를 만드는 시작이 되기를 기대하며, 본 제안을 드립니다. 마지막으로 서울시민의 안전을 위해 불철주야 노고가 많으신 서울시 관계자분들께도 감사의 인사를 드립니다. <버스 정류장 디자인 예시(1)> <버스 정류장 디자인 예시(2)> <버스 정류장 디자인 예시(3)>",성공,200.0,,직접관련,임산부,상,기존 1차 직접키워드 수집,,임신·난임·생식건강,임산부 건강·배려,임산부 건강관리·배려,추가크롤링7227_상세본문포함,출산양육직접후보
PROP-202180,아이들의 웃음에는 격차가 없어야 합니다「서울형 해치와 프렌즈 순환형 테마놀이터 조성」,https://idea.seoul.go.kr/front/freeSuggest/view.do?sn=202180,2026-06-15,2026,1.0,0,N,미상,주거·교통·도시생활환경,공공시설·생활편의,공공시설 어린이 편의,도시생활 기반,저출생사업1팀,https://idea.seoul.go.kr/front/freeSuggest/view.do?sn=202180,"1. 제안배경 저출산은 대한민국의 지속가능성을 위협하는 국가적 과제로 자리 잡고 있습니다. 출산율을 높이기 위해서는 단순한 출산장려금 지원을 넘어 아이를 키우기 좋은 환경을 만드는 것이 중요합니다. 특히 맞벌이 가정이 증가하면서 주말은 부모와 아이가 함께 보내는 가장 중요한 시간이 되었습니다. 많은 부모들은 아이를 위해 키즈카페나 체험시설, 놀이터를 찾지만 이용요금 부담이 적지 않고, 공공 놀이터는 시설이 노후화되거나 단조로운 경우가 많아 만족도가 높지 않은 실정입니다. 반면 최근 신축 고급 아파트 단지에는 대규모 테마형 놀이터, 물놀이장, 실내 놀이시설 등이 조성되면서 아이들의 놀이환경이 거주지역에 따라 크게 달라지고 있습니다. 이는 아이들에게는 놀이환경의 격차로, 부모에게는 양육환경의 격차로 이어질 수 있습니다. 아이를 키우는 부담을 개인과 가정에만 맡길 것이 아니라, 서울시가 공공공간을 활용하여 수준 높은 놀이환경을 제공할 필요가 있습니다. 공원에 설치되는 순환형 프리미엄 놀이터는 부모의 경제적 부담을 줄이고, 아이들에게는 양질의 놀이 경험을 제공하는 새로운 공공서비스가 될 수 있습니다. 2. 제안내용 서울시 주요 공원 및 생활권 공원에 ‘서울형 순환형 프리미엄 공원놀이터’를 조성합니다. 해당 놀이터는 고정된 시설만 운영하는 방식이 아니라, 일정 기간마다 새로운 놀이기구와 테마를 순환 배치하여 아이들이 반복 방문해도 새로운 즐거움을 느낄 수 있도록 합니다. 예를 들어 모험형 놀이시설, 창의형 구조물, 균형감각 놀이기구, 친환경 목재 놀이시설 등을 계절별·권역별로 순환 운영할 수 있습니다. 이를 통해 특정 지역이나 특정 아파트 단지에만 집중되는 고급 놀이시설의 혜택을 공공공간으로 확장할 수 있습니다. 또한 계절에 따라 놀이터의 기능을 유연하게 전환할 수 있습니다. 여름철에는 물놀이장이나 바닥분수형 놀이공간으로 운영하고, 겨울철에는 소규모 스케이트장이나 눈썰매형 놀이공간으로 활용하는 방식입니다. 이를 통해 공원이 사계절 내내 가족이 찾는 생활 여가공간으로 기능할 수 있습니다. 시설 설치 시에는 안전성을 최우선으로 하여 충격흡수 바닥재, 연령별 이용구역 구분, 보호자 휴식공간, 그늘막, 야간조명, CCTV, 응급상황 대응체계 등을 함께 마련합니다. 3. 기대효과 ① (놀이환경 격차 완화) 서울시가 수준 높은 놀이시설을 공공영역에서 제공함으로써 거주지역과 경제적 여건에 따른 아동 놀이환경 격차를 완화할 수 있습니다. ② (저출산 대응 및 양육친화도시 조성) 부모의 양육 부담을 줄이고 아이들이 마음껏 뛰어놀 수 있는 환경을 제공함으로써 「아이 키우기 좋은 서울」 조성에 기여할 수 있습니다. ③ (가족 중심 공원문화 활성화) 주말마다 가족이 공원을 찾고 함께 시간을 보내는 문화가 확산되어 지역 공동체 활성화에도 도움이 될 것입니다. ④ (서울시 브랜드 가치 제고) 해치와 프렌즈를 활용한 서울형 대표 놀이콘텐츠를 구축함으로써 서울시만의 차별화된 가족친화 정책 브랜드를 형성할 수 있으며, 아이들은 놀이를 통해 자연스럽게 서울시정과 도시문화를 이해할 수 있을 것입니다.",성공,200.0,,직접관련,"출산, 양육",상,기존 1차 직접키워드 수집,,출산·산후 초기지원,출산가구 초기지원,출산지원금·출생축하,추가크롤링7227_상세본문포함,출산양육직접후보
PROP-202116,유기동물 입양 활성화를 위한 청소년 참여형 홍보 프로젝트 및 지원 제도 마련 제안,https://idea.seoul.go.kr/front/freeSuggest/view.do?sn=202116,2026-06-07,2026,2.0,0,N,미상,취약·다양가족 사각지대,위기임산부,위기임산부 보호,사각지대 보호,가족지원팀,https://idea.seoul.go.kr/front/freeSuggest/view.do?sn=202116,"현황 및 문제점 최근 1인 가구와 고령층의 반려동물 양육이 증가하면서, 돌봄 여건 악화나 경제적 어려움 등으로 인해 반려동물이 방치되거나 유기되는 사례가 지속적으로 발생하고 있습니다. 그 결과 많은 유기동물들이 새로운 가정을 찾지 못한 채 보호소에서 장기간 생활하거나 안락사 위험에 놓여 있습니다. 개선방안 첫째, 청소년 참여형 유기동물 입양 홍보 프로젝트를 운영해 주시기 바랍니다. 청소년들이 직접 영상, 카드뉴스, SNS 콘텐츠 등을 제작하여 유기동물 입양의 중요성을 알리고 책임 있는 반려문화 확산에 참여할 수 있도록 지원하는 것입니다. 학교 및 청소년 기관과 연계한 캠페인과 공모전을 통해 시민들의 관심과 참여를 높일 수 있을 것입니다. 둘째, 유기동물 입양 지원을 위한 예산 확충 및 제도 마련을 제안합니다. 입양 가정이 초기 예방접종, 건강검진, 중성화 수술 등의 비용 부담을 덜 수 있도록 지원금을 제공하거나 관련 비용을 보조하는 제도를 확대한다면 입양을 고려하는 시민들의 부담을 줄이고 입양률을 높일 수 있을 것입니다. 셋째, 입양 전 돌봄 체험 프로그램을 운영해 주시기 바랍니다. 예비 입양자가 일정 기간 보호소 동물을 임시로 돌보거나 산책, 급식, 놀이 활동 등에 참여할 수 있는 프로그램을 마련한다면 반려동물 양육에 대한 책임감을 충분히 이해한 뒤 입양을 결정할 수 있을 것입니다. 이는 충동적인 입양과 입양 후 파양을 예방하는 데에도 도움이 될 것입니다. 기대효과 시민 참여와 체계적인 지원을 통해 유기동물 입양 문화를 활성화하고 동물복지 선도 도시로 발전",성공,200.0,,직접관련,양육,상,기존 1차 직접키워드 수집,,보육·돌봄 인프라,아동 건강·의료 접근성,소아응급·야간진료·영유아검진,추가크롤링7227_상세본문포함,외곽주제_수동검토권장
PROP-202103,교통 스트레스 해소 · 주거 및 물가 안정 · 기후위기 대응을 중심으로,https://idea.seoul.go.kr/front/freeSuggest/view.do?sn=202103,2026-06-04,2026,0.0,0,N,미상,주거·교통·도시생활환경,유모차·교통 접근성,유모차 대중교통 접근성,도시생활 기반,저출생사업1팀,https://idea.seoul.go.kr/front/freeSuggest/view.do?sn=202103,"저는 서울에 살고 있는 주민입니다. 서울시 예산 자료와 정책 보도를 직접 찾아보며 실현 가능성을 검토한 3대 시정 혁신 과제를 제안드립니다. 첫째, 교통 스트레스 해소입니다. GTX 주요 환승역(수서·삼성·청량리) 반경 1km 내 마을버스 노선을 전면 재설계해, 현재 평균 18분인 배차 간격을 출퇴근 시간대 7분으로 단축해 주십시오. 버스 접근이 어려운 사각지대에는 자율주행 셔틀 시범 노선 운영을 제안드립니다. 소요 예산은 서울시 교통시설 개선 사업비 기준 약 165억 원으로 추산됩니다. 구로·가산·강남 IT밸리 중소기업의 시차출퇴근제 도입을 유도하기 위해 참여 기업에 조달 입찰 가산점 3점과 법인 지방세 0.5% 감면을 패키지로 제공해 주십시오. 약 130억 원 규모로 오전 8~9시 혼잡도를 15% 줄일 수 있습니다. 아울러 T-money 승하차 데이터를 기반으로 수요 상위 20개 구간에 다람쥐버스를 신설하고, 전용차로 미설치 구간 12곳을 정비(약 220억 원)해 주시기 바랍니다. 둘째, 주거 안정과 물가 인하입니다. HUG·서울보증보험과 협약을 체결해 빌라·다세대 주택의 안전성을 72시간 내 공인하는 '서울형 안심주택 등급제'를 도입해 주십시오. 인증 매물에 한해 전세보증보험료 30%를 시가 지원하면, 연 45억 원으로 약 1만 가구의 세입자가 혜택을 받을 수 있습니다. 역세권 시유지와 민간 개발 기부채납 부지를 활용해 주변 시세 70% 수준, 최대 20년 거주 가능한 '서울형 상생주택 5만 호'를 공급해 주십시오. 단지 내 국공립 어린이집을 의무 설치해 저출생 문제도 함께 대응할 수 있습니다. 재원은 서울시 주택기금과 국토부 매칭 펀드를 결합한 4조 원 규모로 추진을 제안드립니다. 외곽 5개 권역 시유지에 소형 물류거점(MDC)을 구축하고, 전통시장 상인의 새벽배송 플랫폼 입점 수수료를 면제해 주십시오. 약 175억 원으로 유통 단계를 3단계에서 1단계로 줄여 소비자 체감 물가를 8~12% 인하할 수 있습니다. 셋째, 기후위기 대응입니다. 강남역·광화문·도림천 대심도 빗물배수터널(1조 2,000억 원)을 예정대로 완공해 주십시오. 동시에 서울 전역 맨홀·빗물받이 4만 개에 IoT 수위 센서를 설치해 AI가 침수 10분 전 시민 스마트폰에 경보를 발송하는 시스템(340억 원)을 2026년 말까지 가동해 주시기 바랍니다. 북한산에서 한강으로 이어지는 바람길 축 가로수를 교목 중심으로 교체하고, 냉방·공기청정 기능이 탑재된 스마트 버스쉘터를 25개 자치구에 각 20개소씩 총 500개(약 2,150억 원) 균등 설치해 주십시오. 준공 후 30년 이상 노후 건축물의 그린 리모델링 보조금을 가구당 2,000만 원으로 상향하고, 시내버스 전기차 전환 100% 달성 및 배달 이륜차 전기 전환 시 대당 100만 원 추가 보조금 지원 로드맵(약 1,850억 원)을 수립해 주십시오. 대형 인프라 사업을 제외한 대부분의 과제는 현행 서울시 예산 범위 내에서 즉시 착수 가능한 사업들입니다. 규모가 큰 사업은 국비 매칭과 민간 참여를 통해 재정 부담을 분산할 수 있도록 설계했습니다. 시장님께서 강조하시는 '약자와의 동행'이 이 제안들을 통해 더 구체적으로 실현되기를 바랍니다. 검토해 주셔서 감사합니다.",성공,200.0,,직접관련,"출생, 어린이집",상,기존 1차 직접키워드 수집,,보육·돌봄 인프라,어린이집·유치원,보육시설·유아교육,추가크롤링7227_상세본문포함,출산양육직접후보
PROP-202089,반려견 동반 대중교통 시범사업 운영 검토 요청,https://idea.seoul.go.kr/front/freeSuggest/view.do?sn=202089,2026-06-02,2026,1.0,0,N,미상,주거·교통·도시생활환경,유모차·교통 접근성,유모차 대중교통 접근성,도시생활 기반,저출생사업1팀,https://idea.seoul.go.kr/front/freeSuggest/view.do?sn=202089,"안녕하세요. 최근 1인 가구 증가와 반려동물 양육 가구 증가로 인해 반려동물은 가족 구성원으로 인식되고 있습니다. 그러나 현재 서울시 대중교통은 이동장에 들어가는 소형 반려동물 중심으로 이용이 가능하며, 중·대형견 보호자들은 사실상 대중교통 이용이 어려운 상황입니다. 이로 인해 자가용이 없는 시민들은 동물병원, 훈련시설, 공원 등을 이용하는 데 큰 제약을 받고 있습니다. 해외 주요 도시에서는 목줄과 입마개 등 안전장치를 갖춘 반려견의 버스 및 지하철 이용이 일반적으로 이루어지고 있으며, 시민들과 공존하는 문화가 정착되어 있습니다. 이에 다음과 같은 시범사업을 제안드립니다. 1. 비혼잡 시간대 반려견 동반 지하철 시범 운영 - 출퇴근 시간을 제외한 시간대 운영 - 목줄 착용 및 안전수칙 준수 - 지정 객차 운영 검토 2. 반려견 동반 버스 시범 노선 운영 - 공원 및 주요 반려동물 시설과 연계 - 이용 수요 조사 실시 - 안전 기준 마련 후 단계적 확대 검토 기대효과 - 반려동물 이동권 확대 - 자가용 이용 감소에 따른 친환경 효과 - 반려동물 관련 산업 활성화 - 반려인과 비반려인의 공존 문화 조성 - 서울시 반려동물 친화 정책 선도 우선은 제한된 구간과 시간대에서 시범사업을 실시한 후 시민 만족도와 안전성을 평가하는 방식으로 검토해 주시기를 요청드립니다. 감사합니다.",성공,200.0,,직접관련,양육,상,기존 1차 직접키워드 수집,,정보·상담·교육·거버넌스,정보 접근성,일반 출산정책 안건,추가크롤링7227_상세본문포함,출산양육직접후보
PROP-202070,휠체어로 저상버스이용,https://idea.seoul.go.kr/front/freeSuggest/view.do?sn=202070,2026-05-28,2026,0.0,0,N,미상,주거·교통·도시생활환경,유모차·교통 접근성,유모차 대중교통 접근성,도시생활 기반,저출생사업1팀,https://idea.seoul.go.kr/front/freeSuggest/view.do?sn=202070,휠체어를 이용해야하는 장애인과 버스를 이용하며 느끼고 개선되어야하는 점을 제안드립니다 저상버스의 도입은 노약자 휠체어 유모차등의 이용의 원활도를 위해 도입되었지요 그러나 현재 저상버스를 이용해보니 기사분들이 휠체어가 탑승후 안전장치 장착의무를 하지도 않고 승차후 바로 출발합니다 휠체어에 잠금장치를 해두 속도에의해 움직임이 발생되더라구요 아주 예전에 저상버스가 도입됐을때는 철처하게 안전장치확인후 운행을 재게했는데 이때두 이용해 봤읍니다. 교육등의 부족등으로 승차만하면 운행을 하더라구요 이점은 버스회사등에 공문등을 내려 고쳐져야 된다구 생각합니다,성공,200.0,,직접관련,유모차,상,기존 1차 직접키워드 수집,,주거·교통·도시생활환경,유모차 이동권,유모차·유아차 이동편의,추가크롤링7227_상세본문포함,출산양육직접후보
PROP-202028,영등포로터리 구조개선사업 관련 생활권 단절 및 보행 연결 개선 요청,https://idea.seoul.go.kr/front/freeSuggest/view.do?sn=202028,2026-05-20,2026,1.0,0,N,미상,정보·상담·교육·거버넌스,신청·서류·기준 개선,출산정책 소급·기준 개선,공통 행정·정보,저출생사업1팀,https://idea.seoul.go.kr/front/freeSuggest/view.do?sn=202028,"안녕하세요. 영등포로터리 구조개선사업과 관련하여 영등포 주민 입장에서 의견드립니다. 현재 영등포로터리 일대는 차량 중심의 도로 구조로 인해 영등포동과 영등포동 사이의 흐름이 단절되고 있으며, 주민들이 같은 생활권 안에서도 이동에 큰 불편을 겪고 있습니다. 특히 영등포동2가에서 신길역 방향 및 반대편 생활권으로 이동하는 과정에서 직관적인 횡단과 보행 연결이 어려워 과도한 우회 동선을 이용해야 하는 상황입니다. 이로 인해 실제 현장에서는 무단횡단이 반복적으로 발생하고 있으며, 출근 시간대에는 노약자·임산부·어르신들까지 위험하게 이동하는 모습을 자주 볼 수 있습니다. 이는 단순 보행 불편 문제가 아니라, 현재 구조가 실제 주민 이동 흐름과 생활권 연결성을 충분히 반영하지 못하고 있다는 의미라고 생각합니다. 영등포는 여의도와 연결되는 주요 생활권이며, 영등포동 간 자연스러운 연결과 보행 흐름 확보가 매우 중요한 지역입니다. 하지만 현재 구조는 차량 흐름 위주로 계획되어 사람의 흐름이 끊기고, 지역 간 단절감이 심화되는 방향으로 느껴집니다. 특히 이번 영등포로터리 구조개선사업은 단순 교통 처리 개선이 아니라, 영등포 생활권 연결 회복과 사람 중심 보행환경 개선 방향으로 함께 검토될 필요가 있다고 생각합니다. 녹지 및 경관 개선도 중요하지만, 주민 입장에서는 안전하고 자연스럽게 이동할 수 있는 생활권 연결성과 보행 흐름 확보가 우선되어야 한다고 생각합니다. 실제 주민 이동 패턴과 현장 보행 흐름, 반복되는 무단횡단 상황 등을 반영하여 보행 연결 체계 개선을 적극 검토해주시길 요청드립니다. 감사합니다.",성공,200.0,,직접관련,임산부,상,기존 1차 직접키워드 수집,,임신·난임·생식건강,임산부 건강·배려,임산부 건강관리·배려,추가크롤링7227_상세본문포함,출산양육직접후보
PROP-202030,경계선 지능 청소년의 일상자립을 위한 훈련 프로그램 제안,https://idea.seoul.go.kr/front/freeSuggest/view.do?sn=202030,2026-05-20,2026,7.0,0,N,미상,일·가정 양립·부모 노동,경력단절·자립,경력단절 예방·일자리,부모 노동·돌봄 병행,가족지원팀,https://idea.seoul.go.kr/front/freeSuggest/view.do?sn=202030,"안녕하세요. 저희는 동국대 사회복지학과에서 장애인복지론을 수강하고 있는 김승은, 김준하, 정연빈입니다. 저희가 고민해 본 경계선 지능 청소년 대상의 일상 자립 기술 훈련 프로그램을 제안드리고자 합니다. 현재 서울시 경계선 지능인 관련 기관의 상위기관인 밈센터에서는 아동·청소년을 대상으로 ‘공부습관 바로 세우기’, ‘그림책 속 마음 여행’ 같은 우수한 학습·정서 프로그램을 성공적으로 운영해 오고 있습니다. 다만, 일상 자립을 위한 프로그램은 주로 청년에 집중하고 있어 청소년에서 청년기로 넘어가는 시기에 자랍 준비의 공백이 발생한다는 아쉬움이 있었습니다 . 이에 저희는 청소년들이 시기적 공백 없이 일상 자립 역량을 키울 수 있는 참여형 프로그램이 시행되기를 희망합니다. 저희가 제작한 프로그램은 메타인지 훈련과 단계적 반복 학습을 접목해 청소년들이 스스로 자립을 연습하도록 했습니다. 본 프로그램의 참여 청소년이 스스로 성장 과정을 인지하고 점검할 수 있도록 OT, 중간 점검, 종결 회기에 계획·점검·평가라는 메타인지적 전략을 배치해 효과성을 높였습니다. 구체적인 활동으로는 경계선 지능 청소년이 일상에서 가장 필요로 하는 사회·관계, 경제·소비, 범죄예방 세 가지 영역으로 구성했습니다. 각 활동들은 단순한 지식 전달이 아니라 반복적이고 단계적인 학습이 가능하도록 유기적으로 연결해, 참여자들이 통합적인 자립 기술을 자연스럽게 습득할 수 있도록 설계 해보았습니다. 이 프로그램을 통해 얻을 수 있는 기대효과는 크게 두 가지입니다. 먼저 개인적 차원에서 경계선 지능 청소년이 일상 속 다양한 상황과 변수에 유연하게 대처하며 실질적인 자립 역량 기를 수 있습니다. 나아가 사회적 차원에서는 이들이 안전한 일상 적응과 사회 참여를 높여 범죄 노출과 같은 사회적 갈등과 위험을 예방하고, 보호자와 지역사회의 돌봄 부담을 낮추어 사회적 비용을 줄이는 효과를 기대할 수 있습니다. 결론적으로 본 프로그램이 경계선 지능 청소년들이 성인기 로 이행 하기 전, 사회 적응력을 높이고 안전하게 자립하는 발판을 마련하고자 합니다. 저희의 제안을 긍정적으로 검토해 주시면 감사하겠습니다.",성공,200.0,,조합관련,아동_안전환경: 안전/범죄 + 돌봄,중,2차 문맥조합 수집,,보육·돌봄 인프라,가족돌봄,아이돌봄·조부모돌봄,추가크롤링7227_상세본문포함,외곽주제_수동검토권장
PROP-202013,남부터미널 개발 및 인근 학교 통학로 개선의 말씀을 드립니다.,https://idea.seoul.go.kr/front/freeSuggest/view.do?sn=202013,2026-05-18,2026,0.0,0,N,미상,정보·상담·교육·거버넌스,신청·서류·기준 개선,출산정책 소급·기준 개선,공통 행정·정보,저출생사업1팀,https://idea.seoul.go.kr/front/freeSuggest/view.do?sn=202013,"항상 서울시의 발전과 구민의 복지 증진을 위해 애써주시는 노고에 깊은 감사를 드립니다. 우리 서초구 지역의 오랜 숙원 사업인 남부터미널 개발과 주변 도로 환경 개선, 그리고 무엇보다 시급한 아이들의 통학로 안전 문제에 대해 간곡히 건의드리고자 글을 올리게 되었습니다. 현재 남부터미널 주변은 대규모 유동인구와 차량이 밀집하는 지역임에도 불구하고, 다음과 같은 문제로 인해 주민들이 큰 불편과 불안을 겪고 있습니다. 1. 남부터미널의 조속한 현대화 개발 요청 남부터미널은 서울의 주요 관문 중 하나임에도 불구하고, 시설이 매우 노후화되어 이용객은 물론 지역 주민들의 도시 미관 및 생활 환경에 아쉬움을 남기고 있습니다. 터미널 부지가 현대적인 복합 공간으로 조속히 개발된다면, 지역 경제 활성화는 물론 주민들의 삶의 질 향상에도 큰 기여를 할 것입니다. 지지부진했던 개발 계획이 하루빨리 구체화되고 추진될 수 있도록 적극적으로 검토해 주시길 부탁드립니다. 2. 남부터미널 인근 도로 환경 개선 터미널 주변은 시외버스와 일반 차량, 이륜차 등이 엉켜 상습적인 교통 정체가 발생하는 구간입니다. 특히 노면 상태가 불량한 구간이 많고, 교통 신호 체계나 차선 배치가 복잡하여 운전자와 보행자 모두에게 큰 불편을 초래하고 있습니다. 주민들이 안전하고 쾌적하게 도로를 이용할 수 있도록, 도로 재정비 및 전반적인 교통 환경 개선을 요청드립니다. 3. 남부터미널역 인근 통학로 안전 확보 (최우선 요청) 가장 우려스러운 점은 남부터미널역 인근에서 학교로 등하교하는 학생들의 안전 문제입니다. 현재 아이들이 다니는 통학로는 대형 버스와 차량의 진출입이 잦은 반면, 보도 폭이 좁고 안전 펜스 등 보호 시설이 미비하여 매우 위험한 실정입니다. 아이들이 매일 아침 불안 속에서 등교하고 있는 모습을 보면 부모로서, 지역 주민으로서 늘 가슴이 조마조마합니다. 소중한 아이들의 생명과 안전이 직결된 문제인 만큼, 어린이 보호구역 정비, 보도 확장, 안전 펜스 및 단속 카메라 설치 등 실질적이고 즉각적인 통학로 안전 대책을 마련해 주시기를 간곡히 부탁드립니다. 우리 서울시가 더욱 살기 좋고 안전한 도시로 거듭날 수 있도록, 현장의 목소리에 귀 기울여 주시기를 믿어 의심치 않습니다. 바쁘신 시정 업무 중에도 긴 글 읽어주셔서 감사드립니다.",성공,200.0,,조합관련,아동_안전환경: 안전/통학로/보호구역 + 부모,중,2차 문맥조합 수집,,정보·상담·교육·거버넌스,정보 접근성,일반 출산정책 안건,추가크롤링7227_상세본문포함,외곽주제_수동검토권장
PROP-202009,<대중교통 요금제도 개선 및 부정사용 방지 시스템구축> 정책 제안서,https://idea.seoul.go.kr/front/freeSuggest/view.do?sn=202009,2026-05-17,2026,0.0,0,N,미상,주거·교통·도시생활환경,유모차·교통 접근성,유모차 대중교통 접근성,도시생활 기반,저출생사업1팀,https://idea.seoul.go.kr/front/freeSuggest/view.do?sn=202009,"안녕하세요. 서울 대중교통을 이용하는 시민으로서, 최근 지속적으로 발생하고 있는 교통요금 부정사용 문제와 장기적인 대중교통 재정 구조에 대하여,이에따라 아래와 같은 제도 개선안을 제안하고자 합니다. 본 제안은 단순 민원이나 불만 제기가 아니라, 1. 교통 재정의 지속가능성 확보, 2. 요금제도의 형평성 개선, 3. 기술기반의 사전 예방 시스템 구축, 4. 실질적인 교통약자 지원 체계 정비를 목적으로 작성했습니다. - 현행제도의 구조적 문제점 -(1) 청소년 교통카드 부정사용 문제 현재 청소년.어린이 교통카드는 최초등록 이후 별도의 재검증없이 지속 사용이 가능한 구조입니다. 이로인해 중고거래 플랫폼 등을 통한 카드 양도.재판매 사례가 실제하며, 실제 성인이 청소년 할인 요금을 적용받는 사례도 지속적으로 발생하고 있습니다. 문제는 현재의 대응방식이 현장단속 시민신고 과태료부과 등 ""사후 적발 중심"" 에 머물러 있다는 점입니다. 그러나 실제 현장에서는: 혼잡시간대 개별확인의 어려움 단속인력의 한계 실시간 연령 검증 시스템 부재 현장 마찰 우려 등으로 인해 적발 자체가 쉽지않은 구조이며, 결과적으로 예방효과또한 제한적입니다. 즉, 현재 방식은 ""적발 이후 대응""은 가능하나, ""부정사용 자체를 구조적으로 차단하는 시스템""은 부족한 상황이라 판단됩니다. - 현행제도의 구조적 문제점 -(2) 고령화에 따른 무임승차 제도의 지속가능성 문제 현재 65세 이상 무임승차 제도는 고령층 복지 측면에서 중요한 의미를 갖고있으나, 제도 도입 당시와 비교해 현재는: 평균수명 증가 건강수준 향상 급격한 고령 인구 증가 청년 및 생산가능인구 감소 등 사회 구조가 크게 변화하였습니다. 향후에도 현행 구조가 유지될 경우, 서울교통공사의 재정부담확대 및 세대간 형평성 문제가 지속적으로 제기될 가능성이 높다고 생각합니다. 따라서 장기적 관점에서 지속가능한 운영방안에 대한 사회적 논의가 필요하다고 판단됩니다. - 현행제도의 구조적 문제점 -(3) 임산부 교통 지원 체계의 부족 현재 임산부 배려석 등 공간적 배려는 존재하나, 실질적인 교통비 지원제도는 부족한 상황입니다. 임산부는, 이동피로/ 장시간 대중교통 이용부담/ 병원방문증가/ 신체적 불편 등으로 일반 승객보다 이동부담이 크기때문에, 보다 실질적인 지원 정책이 필요하다고 생각합니다. - 제도 개선 제안: (1) 청소년 교통카드 '연 1회 재인증 시스템' 도입 제안내용 - 청소년.학생 할인 적용 카드에 대해, 연 1회 재인증 의무화 (대학생 동일) 학생증 또는 청소년 인증 필수, 연동(대학생 동일-학교인증 필수/연동) 재학기간 종료시 자동 일반요금 전환(대학생 동일) 구체적방식 - 학생증 교통카드 연동시 학생증 유효기간 기준 자동갱신(대학생 동일) - 일반 교통카드 사용자는 정부24, PASS, 청소년증 등을 통한 연령인증 기대효과 - 성인의 청소년 요금 부정사용 구조적 차단 - 중고거래 약용 감소 - 현장 단속 의존도 감소 - 공사 재정 누수 완화 - 정상 이용자와의 형평성 개선 * 참고사항: 위와 유사 방식은 해외 여러도시의 교통카드 시스템에서도 이미 운영되고 있으며, 기술적으로도 충분히 구현 가능한 구조라 판단됩니다. - 제도 개선 제안: (2) 고령층 무임승차 제도의 단계적 개선 논의 제안방향 제안방향 - 현행 제도를 즉시 폐지하는게 아니라, 장기적 지속가능성을 고려한 단계적 조정을 검토해 주시길 요청합니다. 검토가능예시) - 무임 기준 연령 상향 (65세 -> 70세 단계조정) - 최소요금(부분 부담) 도입(기본요금 일부만 부담: 교통약자배려 유지+ 재정부담 완화) 기대효과 - 장기적 재정 안정성 확보 - 세대 간 형평성 개선 - 교통서비스 유지 가능성 강화 해당 사항은 사회적 민감성이 큰 사안이라 충분한 공론화와 단계적 접근이 필요하다고 생각합니다. -제도 개선 제안: (3) 임산부 교통요금 할인 제도 도입 제안내용 - 임산부 대상 대중교통 요금 20~30% 할인 - 인증 기반 등록제 운영 기대효과 - 임산부 이동 부담 완화 - 출산 친화적 교통환경 조성 - 실질적 교통약자 지원강화 -종합 기대 효과 본 제안이 시행될경우, 교통요금 부정사용 예방 현장 단속.시간 의존도 감소 교통 재정 누수 완화 시민 체감 형평성 향상 기술 기반의 효율적 운영 가능 장기적 대중교통 지속가능성 확보 등의 긍정적 효과가 기대됩니다. 대중교통은 단순 이동수단을 넘어 시민생활의 핵심 공공서비스라고 생각합니다. 본 제안이 향후 검토 과정에서 참고되길 바라며, 시민입장에서 실질적인 도움이 되는 방향으로 발전되었으면 합니다. 감사합니다.",성공,200.0,,직접관련,"출산, 임산부",상,기존 1차 직접키워드 수집,,임신·난임·생식건강,임산부 건강·배려,임산부 건강관리·배려,추가크롤링7227_상세본문포함,외곽주제_수동검토권장
PROP-201963,[시민규제발굴단] 임대차 계약 시 청년 대상 필수 권리 안내 의무화 (전세사기 예방),https://idea.seoul.go.kr/front/freeSuggest/view.do?sn=201963,2026-05-11,2026,0.0,0,N,미상,주거·교통·도시생활환경,무주택·월세·주거비,무주택 출산가구 주거비,도시생활 기반,저출생사업1팀,https://idea.seoul.go.kr/front/freeSuggest/view.do?sn=201963,"현황 및 문제점 오늘날 청년·신혼부부 등 경험이 적은 사회초년생을 위해 임대차 계약 시 주의사항, 계약 이후 조치 필요사항 등 기초 정보를 안내해야 한다는 필요성은 제기되어 왔으나, 현행 법령상 공인중개사의 청년 대상 특화 안내 의무는 존재하지 않습니다. 전 입신고를 하지 않으면 대항력이 없어 임대인에게 보증금을 돌려받을 수 없으며, 근저당권 등 계약 시 필수 확인 정보와 전입신고·확정일자 등 후속 조치 필요사항을 모르는 경우가 많아 피해가 반복됩니다. 특히 생애 최초 계약자인 청년은 이 절차들을 모르는 채 계약서에 서명하는 경우가 빈번합니다. 개선 제안 1, 공인중개사법 시행규칙 개정을 통해 임차인이 만 39세 이하 청년인 경우, 계약 완료 시 전입신고·확정일자·보증보험 안내 체크리스트를 의무 교부하도록 규정 2. 서울시 조례로 공인중개사에게 청년 임차인 대상 핵심 권리 설명 의무 부과 및 미이행 시 신고 창구 운영 3. 계약 직후 문자 또는 앱 알림으로 '3대 필수 조치(전입신고·확정일자·보증보험)' 자동 안내 서비스 연계 기대 효과 청년 전세사기 피해 사전 예방, 권리 인식 제고, 공인중개사 책임성 강화",성공,200.0,,직접관련,신혼부부,상,기존 1차 직접키워드 수집,,주거·교통·도시생활환경,출산가구 주거,신혼부부·출산가구 주거지원,추가크롤링7227_상세본문포함,출산양육직접후보
PROP-201968,주택공급 확대 및 청년 주거안정을 위한 정책,https://idea.seoul.go.kr/front/freeSuggest/view.do?sn=201968,2026-05-11,2026,0.0,0,N,미상,주거·교통·도시생활환경,무주택·월세·주거비,무주택 출산가구 주거비,도시생활 기반,저출생사업1팀,https://idea.seoul.go.kr/front/freeSuggest/view.do?sn=201968,"안녕하십니까. 대한민국의 주택시장 안정과 청년 세대의 주거 사다리 회복을 위하여 아래와 같이 정책 개선 의견을 건의드립니다. 최근 우리 사회는 저출산·고령화·1~2인 가구 증가와 함께 과거와 다른 주거 형태 변화를 겪고 있습니다. 과거에는 결혼 후 부모와 동거하는 문화가 일반적이었으나, 현재는 대부분의 청년 세대가 결혼과 동시에 독립 세대를 구성하고 있습니다. 특히 베이비붐 세대 자녀들이 본격적인 결혼 적령기에 진입하면서 신규 주택 수요는 지속적으로 증가하고 있으나, 공급 부족과 청약제도의 현실 미반영으로 인해 청년층의 주거 불안이 심화되고 있다고 판단됩니다. 이에 다음과 같이 정책 개선을 건의드립니다. 1. 실수요 중심의 주택공급 확대 필요 현재 수도권 및 주요 도시에서는 재건축·재개발 규제, 사업 지연, 인허가 부담 증가 등으로 인해 신규 아파트 공급이 충분히 이루어지지 못하고 있습니다. 또한 도시재생사업은 노후 주거환경 개선에는 일정 부분 기여하고 있으나, 대규모 신규 주택 공급 효과에는 한계가 있는 상황입니다. 결과적으로 실수요자인 청년·신혼부부 세대는 높은 주택가격과 전월세 부담 속에서 주거 불안을 겪고 있습니다. 이에 아래 사항을 검토해 주시기를 건의드립니다. 건의사항 재건축·재개발 인허가 절차 합리화 실수요 중심의 중소형 아파트 공급 확대 역세권 고밀도 개발 활성화 장기 공급계획의 예측 가능성 강화 다주택 보유 억제와 실거주 중심 세제 운영 노인들이 노후자금으로 사용하도록 노인 소유 기존 주택의 원활한 거래 유도를 위한 양도세 부담 완화를 통한 양도시장 정상화 즉.다주택보유는 제제강화 하고 양도는 쉽게 2. 청년 세대 현실을 반영한 청약제도 개선 필요 현재 청약제도에서는 부모가 주택을 보유하고 있는 경우 동거중인 성인 자녀가 실질적으로 독립된 생활을 하고 있음에도 불리하게 작용하는 사례가 발생하고있습니다. 특히 일부 청년들은 향후 청약 자격 확보를 위해 실제 필요 이상으로 전월세 주택을 별도로 임차하여 세대 분리를 하는 경우도 있으며, 이는 불필요한 주거비 부담과 전월세 시장 불안을 초래하는 요인이 되고 있습니다. 실질적인 무주택 청년 보호라는 정책 목적을 고려할 때, 부모의 주택 보유 여부만으로 청년 세대의 주거 사다리 진입 기회를 제한하는 부분은 현실적인 개선 검토가 필요하다고 판단됩니다. 건의사항 일정 연령 및 소득 이상의 성인 자녀는 부모 주택(빌라 및 소형주택) 보유 여부와 별도로 청약 자격 판단 검토 독립 생계 유지 청년에 대한 무주택 인정 기준 개선 청년 세대분리 목적의 불필요한 전월세 유입 완화 실질적 주거 취약 청년에 대한 청약 가점 보완 검토 3. 기대효과 위와 같은 제도 개선이 이루어진다면 다음과 같은 효과를 기대할 수 있습니다. 청년층의 실질적 내 집 마련 기회 확대 전월세 시장의 불필요한 수요 감소 실거주 중심의 건강한 주택시장 형성 결혼·출산 친화적 주거환경 조성 중장기적 주택시장 안정화 정부의 주택정책은 단순한 부동산 정책을 넘어 청년 세대의 미래와 국가의 인구 구조에도 직접적인 영향을 미치는 중요한 과제라고 생각합니다. 부디 현장의 현실과 국민들의 어려움을 적극 반영하여 실수요자 중심의 정책 개선이 이루어질 수 있도록 검토하여 주시기를 부탁드립니다. 감사합니다.",성공,200.0,,직접관련,"출산, 신혼부부",상,기존 1차 직접키워드 수집,,출산·산후 초기지원,출산가구 초기지원,출산지원금·출생축하,추가크롤링7227_상세본문포함,출산양육직접후보
PROP-201969,[시민규제발굴단] 청년사업 ‘노쇼’ 문제 해결을 위한 참석 보증금 제도 개선 제안,https://idea.seoul.go.kr/front/freeSuggest/view.do?sn=201969,2026-05-11,2026,2.0,0,N,미상,정보·상담·교육·거버넌스,신청·서류·기준 개선,출산정책 소급·기준 개선,공통 행정·정보,저출생사업1팀,https://idea.seoul.go.kr/front/freeSuggest/view.do?sn=201969,"청년 성장의 허들 낮추기 서울시와 여러 공공기관, 청년 위탁기관은 매년 청년들을 위한 다양한 사업을 운영하고 있다. 취업 준비, 진로 탐색, 마음건강, 금융교육, 문화활동, 네트워킹, 창업지원 등 청년의 성장과 자립을 돕는 프로그램은 이제 도시 정책의 중요한 축이 되었다. 그러나 현장에서 반복적으로 제기되는 문제가 있다. 바로 노쇼(No-show) 문제다. 신청자는 많지만 실제 참석률은 기대보다 낮고, 사전 연락 없이 불참하는 사례도 적지 않다. 그 결과 참여를 원했지만 대기자로 남은 청년은 기회를 잃고, 기관은 강사비·공간비·다과비·운영인력 등 이미 투입된 예산과 행정력을 낭비하게 된다. 결국 피해는 기관만이 아니라, 같은 청년 시민에게 돌아간다. 이 문제를 해결하기 위해 현장에서는 종종 “소액 참석 보증금” 제도를 떠올린다. 예를 들어 신청 시 5천 원 또는 1만 원 정도를 예치하고, 실제 참석하면 전액 환급하는 방식이다. 이는 청년에게 과도한 부담을 주려는 것이 아니라, 공공자원의 이용에 최소한의 책임감을 부여하기 위한 장치다. 실제로 민간 교육·행사에서는 이런 방식이 흔히 사용된다. 하지만 공공기관과 위탁기관에서는 보증금 제도 도입을 꺼리는 경우가 많다. 그 이유는 단순히 의지가 부족해서가 아니다. 현장에서는 대체로 예산·회계 처리의 불명확성, 조례 또는 사업 지침상 근거 부족, 위탁기관의 수납 권한 문제, 미반환 보증금의 세입 처리 문제, 환불 행정 부담 등이 복합적으로 작용한다. 1. 왜 공공 청년사업은 보증금을 받기 어려운가 첫째, 공공기관은 돈을 받는 행위 자체에 명확한 근거가 필요하다. 민간기관은 내부 방침에 따라 참가비나 보증금을 비교적 자유롭게 정할 수 있지만, 지방자치단체나 공공 위탁기관은 다르다. 시민에게 금전을 수납하려면 조례, 규칙, 지침, 위탁협약 등에서 그 근거가 분명해야 한다. 근거 없이 보증금을 받으면 부당한 수납으로 해석될 여지가 있다. 둘째, 보증금은 회계상 처리 방식이 애매하다. 참가비라면 세입으로 볼 수 있고, 사용료라면 별도의 사용료·수수료 체계에 들어갈 수 있다. 그러나 참석 후 돌려주는 보증금은 일반적인 수입이 아니라 일시적으로 보관하는 돈에 가깝다. 불참자에게 돌려주지 않는 금액은 다시 세입으로 편입해야 하는지, 사업비로 사용할 수 있는지, 반환 불능금으로 처리해야 하는지 등 실무상 판단이 복잡해진다. 셋째, 위탁기관은 더 조심스러울 수밖에 없다. 서울시나 자치구가 직접 운영하는 사업이 아니라 민간위탁기관이 운영하는 경우, 기관이 자체적으로 보증금을 걷고 환불하는 것이 가능한지 불명확한 경우가 많다. 위탁협약에 명시되어 있지 않다면, 기관은 감사나 정산 과정에서 지적받을 위험을 감수해야 한다. 그래서 현장에서는 “필요성은 알지만 괜히 문제 될 수 있으니 하지 말자”는 분위기가 생긴다. 2. 문제는 ‘보증금’이 아니라 ‘근거와 기준의 부재’다 현재 서울시 청년 관련 조례들은 대체로 청년의 사회참여 보장, 역량 강화, 자립 지원, 청년정책 참여 확대 등을 목적으로 한다. 예컨대 서울특별시 청년 기본 조례는 청년의 참여 확대와 권익 증진을 위한 정책적 근거를 두고 있고, 서울특별시 청년참여 활성화 지원 조례 역시 청년의 정책 참여를 지원하는 취지를 담고 있다. 출처: 국가법령정보센터, 「서울특별시 청년 기본 조례」 및 「서울특별시 청년참여 활성화 지원 조례」. 그러나 청년사업 운영 과정에서 반복되는 노쇼 문제, 참석 보증금, 환불 기준, 미참석 시 처리 방식 등에 관한 구체적 기준은 충분히 명확하지 않다. 즉, 현장의 어려움은 “보증금을 반드시 받으면 안 된다”는 명시적 금지 때문이라기보다, 받아도 되는지, 어떻게 받아야 하는지, 받았다가 어떻게 돌려줘야 하는지에 대한 표준 규정이 부족한 데서 발생한다고 볼 수 있다. 이런 불명확성은 결국 소극 행정으로 이어진다. 담당 공무원과 위탁기관 종사자는 청년들의 참여 책임성을 높이고 싶어도, 감사 리스크와 회계 처리 부담 때문에 시도하지 않는다. 그 결과 무료 사업은 계속 노쇼에 취약하고, 청년들에게 제공되어야 할 공공자원은 비효율적으로 배분된다. 청년 성장의 허들을 낮추려면, 단순히 모든 사업을 무료로 제공하는 것만으로는 부족하다. 정말 중요한 것은 필요한 청년에게 기회가 실제로 도달하도록 만드는 것이다. 신청만 하고 오지 않는 사람이 많아질수록, 성실하게 참여하고 싶은 청년의 기회는 줄어든다. 노쇼 방지 장치는 청년을 통제하기 위한 규제가 아니라, 오히려 더 많은 청년에게 공정하게 기회를 나누기 위한 제도일 수 있다. 3. 참석 보증금은 청년에게 벌금을 물리는 제도가 아니다 참석 보증금 제도는 벌칙이 되어서는 안 된다. 청년에게 돈을 걷어 기관 수입을 늘리자는 제도도 아니다. 핵심은 참석하면 전액 돌려주는 소액 예치금이다. 예를 들어 다음과 같은 방식이 가능하다. 신청 시 5천 원 또는 1만 원의 소액 보증금을 납부한다. 프로그램에 실제 참석하면 전액 환급한다. 사전 취소 가능 기한 안에 취소하면 전액 환급한다. 질병, 사고, 면접, 가족 돌봄 등 정당한 사유가 있으면 예외적으로 환급한다. 미반환 보증금은 기관 수익이 아니라 해당 사업의 공공 목적 또는 지방자치단체 세입으로 투명하게 처리한다. 이렇게 설계하면 보증금은 청년 참여를 가로막는 장벽이 아니라, 오히려 프로그램 운영의 예측 가능성을 높이는 장치가 된다. 중요한 것은 금액을 높이는 것이 아니다. 청년에게 “신청은 약속”이라는 신호를 주는 것이다. 4. 규제 혁신의 방향: 금지가 아니라 표준화 서울시가 청년 관련 규제 혁신을 추진한다면, 참석 보증금 제도에 대해서도 명확한 기준을 마련해야 한다. 현장에서 필요한 것은 무조건적 허용도, 무조건적 금지도 아니다. 필요한 것은 공정하고 투명한 표준 운영 기준이다. 다음과 같은 개선이 필요하다. 첫째, 청년사업 참석 보증금의 법적·행정적 근거를 마련해야 한다 서울시 청년 기본 조례 또는 관련 시행규칙, 사업 운영지침에 “노쇼 방지와 공정한 참여 기회 보장을 위해 필요한 경우 소액 참석 보증금을 받을 수 있다”는 근거를 둘 필요가 있다. 또한 보증금의 상한, 면제 대상, 환급 기준, 회계 처리 방식을 함께 명시해야 한다. 이렇게 해야 담당 공무원과 위탁기관이 불필요한 감사 리스크 없이 제도를 활용할 수 있다. 둘째, 보증금은 ‘선별적·예외적 수단’으로 운영해야 한다 모든 청년사업에 일괄적으로 보증금을 부과해서는 안 된다. 단순 정보 제공 행사나 온라인 설명회처럼 노쇼로 인한 손실이 크지 않은 사업에는 필요하지 않을 수 있다. 반면 소수 정원, 고비용 강사, 체험형 프로그램, 1:1 컨설팅, 숙박형·집중형 과정처럼 불참 시 다른 청년의 기회 박탈과 예산 낭비가 큰 사업에는 보증금 제도를 활용할 수 있어야 한다. 즉, 보증금은 청년 참여를 제한하는 기본값이 아니라, 특정 사업에서 필요한 경우 사용하는 예외적 운영 도구가 되어야 한다. 넷째, 회계 처리 기준을 단순화해야 한다 현장이 보증금을 꺼리는 가장 큰 이유 중 하나는 회계 처리의 복잡성이다. 따라서 서울시는 다음 사항을 표준화할 필요가 있다. 보증금 수납 계좌 기준 참석 확인 후 환급 기한 노쇼 발생 시 미환급금 처리 방식 위탁기관 수납 가능 여부 정산 서류 양식 세입 처리 또는 반환 처리 기준 개인정보 및 계좌정보 관리 기준 특히 위탁기관이 임의로 돈을 보관하는 구조가 되지 않도록, 서울시 또는 자치구가 승인한 방식으로만 운영하게 해야 한다. 행정적 기준이 명확하면 현장의 부담은 줄고, 시민 신뢰는 높아진다. 다섯째, 보증금보다 더 넓은 노쇼 방지 시스템을 함께 설계해야 한다 보증금은 하나의 수단일 뿐이다. 더 중요한 것은 참여 문화를 바꾸는 것이다. 예를 들어 다음과 같은 장치를 함께 도입할 수 있다. 간편 취소 링크 제공 대기자 자동 승계 시스템 반복 노쇼자에 대한 일정 기간 신청 제한 서울시 산하 지원 사업 노쇼자 통합 관리 사전 취소자에게는 불이익 없는 구조 참석률이 높은 청년에게 우선 신청 기회 제공 기관별 노쇼율 공개 및 관리 이런 장치가 함께 작동해야 보증금 제도도 과도한 제재가 아니라 합리적 참여 관리 수단으로 자리 잡을 수 있다. 5. 청년을 믿기 위해서라도 제도는 더 정교해야 한다 청년정책은 청년을 수혜자로만 보는 정책이어서는 안 된다. 청년은 공공자원의 공동 이용자이자, 도시의 시민이며, 정책의 파트너다. 그렇다면 청년사업도 단순히 “무료로 열어두는 것”을 넘어, 참여의 책임과 기회의 공정성을 함께 설계해야 한다. 노쇼 문제를 방치하는 것은 청년에게 관대한 것이 아니다. 오히려 성실하게 참여하려는 청년에게 불공정하다. 어떤 청년은 대기자로 기다리다가 기회를 얻지 못하고, 어떤 청년은 아무 연락 없이 불참한다. 이 구조가 반복되면 공공사업에 대한 신뢰도 떨어진다. 참석 보증금 제도는 청년을 의심하는 제도가 아니라, 청년의 시간을 더 소중하게 여기기 위한 제도다. 청년 한 명의 자리는 예산이자 기회이고, 다른 청년의 가능성이다. 그 자리가 비어버리지 않도록 만드는 것은 공공의 책임이다. 6. 제안: 서울시는 ‘청년사업 노쇼 방지 및 참석 보증금 표준지침’을 마련해야 한다 서울시는 청년 관련 규제 혁신 과제로 다음을 검토해야 한다. 청년사업에서 소액 참석 보증금을 받을 수 있는 명확한 근거를 마련한다. 보증금 상한액, 환급 기준, 예외 사유를 표준화한다. 위탁기관이 감사 부담 없이 운영할 수 있도록 수납·환급·정산 절차를 제도화한다. 미환급 보증금은 기관 수익이 아니라 공공 회계 원칙에 따라 투명하게 처리한다. 취약 청년에게는 보증금 면제 또는 비금전적 대체 절차를 보장한다. 보증금 제도와 함께 리마인드, 간편 취소, 대기자 자동 승계, 반복 노쇼 관리 시스템을 도입한다. 실제 노쇼율 감소 효과와 청년 접근성 영향을 평가해 제도를 계속 개선한다. 이것은 청년에게 부담을 지우자는 주장이 아니다. 오히려 청년사업의 기회를 더 공정하게 나누고, 참여하고 싶은 청년이 실제로 참여할 수 있도록 하자는 제안이다. 맺음말 청년 성장의 허들을 낮춘다는 것은 단순히 비용을 없애는 일이 아니다. 청년에게 필요한 기회가 낭비되지 않도록 하고, 성실한 참여가 존중받는 구조를 만드는 일이다. 지금 필요한 것은 보증금을 둘러싼 막연한 두려움이 아니라, 투명한 기준과 합리적인 제도 설계다. 참석하면 돌려받는 소액 보증금, 어려운 청년에게는 면제되는 보증금, 회계적으로 투명하게 관리되는 보증금이라면, 그것은 청년을 막는 장벽이 아니라 청년의 기회를 지키는 안전장치가 될 수 있다. 서울시는 청년사업 현장의 목소리를 반영해, 노쇼 문제를 개인의 양심에만 맡기지 말고 제도적으로 해결해야 한다. 청년 성장의 허들을 낮추기 위해, 이제는 청년사업 운영의 허들도 함께 낮춰야 한다.",성공,200.0,,조합관련,아동_안전환경: 안전 + 돌봄,중,2차 문맥조합 수집,,보육·돌봄 인프라,가족돌봄,아이돌봄·조부모돌봄,추가크롤링7227_상세본문포함,출산양육직접후보
PROP-191608,아직 실제 등하교 경험이 없는 예비초맘과 기존 일부 초등학교 학부모의 안전한 등하굣길에 대한 불안감을 초고밀도 초등학교 조장하는 날치기 통학구역조정대신 안전한 등하교길 조성으로 응대하여 근본적으로 해결해주세요.,https://idea.seoul.go.kr/front/freeSuggest/view.do?sn=191608,2021-11-03,2021,5.0,1,N,미상,보육·돌봄 인프라,초등돌봄·방과후·키움센터,초등 방과후·늘봄,영유아·초등 돌봄,돌봄사업팀,https://idea.seoul.go.kr/front/freeSuggest/view.do?sn=191608,,오류,,400 Client Error: 400 for url: https://idea.seoul.go.kr/front/freeSuggest/view.do?sn=191608,조합관련,아동_안전환경: 안전 + 부모,중,2차 문맥조합 수집,,정보·상담·교육·거버넌스,정보 접근성,일반 출산정책 안건,추가크롤링7227_상세본문포함,출산양육직접후보
